DateTime,Max/Min,State,Fuel Type,Supply
2/1/2018 4:00,Min,NEM,Battery,0
2/1/2018 4:00,Min,NEM,Biomass,10.233
2/1/2018 4:00,Min,NEM,Black coal,10655.808
2/1/2018 4:00,Min,NEM,Brown coal,4655.597
2/1/2018 4:00,Min,NEM,Distributed PV,0
2/1/2018 4:00,Min,NEM,Gas,1517.622
2/1/2018 4:00,Min,NEM,Hydro,355.826
2/1/2018 4:00,Min,NEM,Liquid Fuel,0.098
2/1/2018 4:00,Min,NEM,Utility-scale Solar,2.204
2/1/2018 4:00,Min,NEM,Wind,566.57
6/1/2018 12:00,Max,NEM,Battery,0.566
6/1/2018 12:00,Max,NEM,Biomass,14.516
6/1/2018 12:00,Max,NEM,Black coal,14111.605
6/1/2018 12:00,Max,NEM,Brown coal,4540.312
6/1/2018 12:00,Max,NEM,Distributed PV,3876.574
6/1/2018 12:00,Max,NEM,Gas,1907.942
6/1/2018 12:00,Max,NEM,Hydro,1888.634
6/1/2018 12:00,Max,NEM,Liquid Fuel,0.021
6/1/2018 12:00,Max,NEM,Utility-scale Solar,267.204
6/1/2018 12:00,Max,NEM,Wind,2864.484
13/2/2018 3:30,Min,NEM,Battery,1.333
13/2/2018,Min,NEM,Biomass,24.566
13/2/2018 3:30,Min,NEM,Black coal,12074.488
13/2/2018 3:30,Min,NEM,Brown coal,4720.514
13/2/2018 3:30,Min,NEM,Distributed PV,0
13/2/2018 3:30,Min,NEM,Gas,1724.87
13/2/2018 3:30,Min,NEM,Hydro,554.192
13/2/2018 3:30,Min,NEM,Liquid Fuel,0.037
13/2/2018 3:30,Min,NEM,Utility-scale Solar,1.597
13/2/2018 3:30,Min,NEM,Wind,437.997
28/2/2018,Max,NEM,Battery,0
28/2/2018,Max,NEM,Biomass,0
28/2/2018,Max,NEM,Black coal,12779.094
28/2/2018,Max,NEM,Brown coal,4685.62
28/2/2018,Max,NEM,Distributed PV,3359.465
28/2/2018,Max,NEM,Gas,1673.393
28/2/2018,Max,NEM,Hydro,1438.767
28/2/2018,Max,NEM,Liquid Fuel,0
28/2/2018,Max,NEM,Utility-scale Solar,279.652
28/2/2018,Max,NEM,Wind,3237.624
3/3/2018 2:30,Min,NEM,Battery,5.733
3/3/2018 2:30,Min,NEM,Biomass,0
3/3/2018 2:30,Min,NEM,Black coal,11535.505
3/3/2018 2:30,Min,NEM,Brown coal,4377.721
3/3/2018 2:30,Min,NEM,Distributed PV,0
3/3/2018 2:30,Min,NEM,Gas,1670.423
3/3/2018 2:30,Min,NEM,Hydro,529.823
3/3/2018 2:30,Min,NEM,Liquid Fuel,0
3/3/2018 2:30,Min,NEM,Utility-scale Solar,2.162
3/3/2018 2:30,Min,NEM,Wind,332.143
18/3/2018 11:30,Max,NEM,Battery,0
18/3/2018 11:30,Max,NEM,Biomass,4.1
18/3/2018 11:30,Max,NEM,Black coal,11525.754
18/3/2018 11:30,Max,NEM,Brown coal,3498.21
18/3/2018 11:30,Max,NEM,Distributed PV,3088.228
18/3/2018 11:30,Max,NEM,Gas,1526.212
18/3/2018 11:30,Max,NEM,Hydro,1546.167
18/3/2018 11:30,Max,NEM,Liquid Fuel,0.088
18/3/2018 11:30,Max,NEM,Utility-scale Solar,296.753
18/3/2018 11:30,Max,NEM,Wind,3116.855
8/4/2018 12:00,Max,NEM,Battery,0
8/4/2018 12:00,Max,NEM,Biomass,6.983
8/4/2018 12:00,Max,NEM,Black coal,10745.275
8/4/2018 12:00,Max,NEM,Brown coal,3441.854
8/4/2018 12:00,Max,NEM,Distributed PV,3073.263
8/4/2018 12:00,Max,NEM,Gas,1045.377
8/4/2018 12:00,Max,NEM,Hydro,1498.419
8/4/2018 12:00,Max,NEM,Liquid Fuel,0.059
8/4/2018 12:00,Max,NEM,Utility-scale Solar,327.757
8/4/2018 12:00,Max,NEM,Wind,2700.229
25/4/2018 1:30,Min,NEM,Battery,9.65
25/4/2018 1:30,Min,NEM,Biomass,0
25/4/2018 1:30,Min,NEM,Black coal,11478.03
25/4/2018 1:30,Min,NEM,Brown coal,4371.855
25/4/2018 1:30,Min,NEM,Distributed PV,0
25/4/2018 1:30,Min,NEM,Gas,1747.5
25/4/2018 1:30,Min,NEM,Hydro,1113.936
25/4/2018 1:30,Min,NEM,Liquid Fuel,0.08
25/4/2018 1:30,Min,NEM,Utility-scale Solar,0.298
25/4/2018 1:30,Min,NEM,Wind,294.789
11/5/2018 12:30,Max,NEM,Battery,2.55
11/5/2018 12:30,Max,NEM,Biomass,7.466
11/5/2018 12:30,Max,NEM,Black coal,11308.68
11/5/2018 12:30,Max,NEM,Brown coal,4376.679
11/5/2018 12:30,Max,NEM,Distributed PV,2340.449
11/5/2018 12:30,Max,NEM,Gas,1528.155
11/5/2018 12:30,Max,NEM,Hydro,2160.081
11/5/2018 12:30,Max,NEM,Liquid Fuel,0.079
11/5/2018 12:30,Max,NEM,Utility-scale Solar,314.416
11/5/2018 12:30,Max,NEM,Wind,3400.084
19/5/2018 2:00,Min,NEM,Battery,3.516
19/5/2018 2:00,Min,NEM,Biomass,0
19/5/2018 2:00,Min,NEM,Black coal,12203.278
19/5/2018 2:00,Min,NEM,Brown coal,4355.708
19/5/2018 2:00,Min,NEM,Distributed PV,0
19/5/2018 2:00,Min,NEM,Gas,1868.571
19/5/2018 2:00,Min,NEM,Hydro,1246.756
19/5/2018 2:00,Min,NEM,Liquid Fuel,0.056
19/5/2018 2:00,Min,NEM,Utility-scale Solar,1.2
19/5/2018 2:00,Min,NEM,Wind,237.795
3/6/2018 1:30,Min,NEM,Battery,2.033
3/6/2018 1:30,Min,NEM,Biomass,0
3/6/2018 1:30,Min,NEM,Black coal,12619.161
3/6/2018 1:30,Min,NEM,Brown coal,4359.655
3/6/2018 1:30,Min,NEM,Distributed PV,0
3/6/2018 1:30,Min,NEM,Gas,1671.123
3/6/2018 1:30,Min,NEM,Hydro,1368.906
3/6/2018 1:30,Min,NEM,Liquid Fuel,0.07
3/6/2018 1:30,Min,NEM,Utility-scale Solar,0.998
3/6/2018 1:30,Min,NEM,Wind,405.544
15/6/2018 13:00,Max,NEM,Battery,1.216
15/6/2018 13:00,Max,NEM,Biomass,15.75
15/6/2018 13:00,Max,NEM,Black coal,11920.277
15/6/2018 13:00,Max,NEM,Brown coal,3793.945
15/6/2018 13:00,Max,NEM,Distributed PV,2429.612
15/6/2018 13:00,Max,NEM,Gas,1006.782
15/6/2018 13:00,Max,NEM,Hydro,2850.507
15/6/2018 13:00,Max,NEM,Liquid Fuel,0.066
15/6/2018 13:00,Max,NEM,Utility-scale Solar,346.507
15/6/2018 13:00,Max,NEM,Wind,3295.158
1/7/2018 6:00,Min,NEM,Battery,0
1/7/2018 6:00,Min,NEM,Biomass,14.7
1/7/2018 6:00,Min,NEM,Black coal,11808.43
1/7/2018 6:00,Min,NEM,Brown coal,4692.621
1/7/2018 6:00,Min,NEM,Distributed PV,0
1/7/2018 6:00,Min,NEM,Gas,1019.829
1/7/2018 6:00,Min,NEM,Hydro,1209.077
1/7/2018 6:00,Min,NEM,Liquid Fuel,0.09
1/7/2018 6:00,Min,NEM,Utility-scale Solar,1.009
1/7/2018 6:00,Min,NEM,Wind,679.985
29/7/2018 12:00,Max,NEM,Battery,0
29/7/2018 12:00,Max,NEM,Biomass,45.116
29/7/2018 12:00,Max,NEM,Black coal,9987.015
29/7/2018 12:00,Max,NEM,Brown coal,3884.068
29/7/2018 12:00,Max,NEM,Distributed PV,2965.349
29/7/2018 12:00,Max,NEM,Gas,512.705
29/7/2018 12:00,Max,NEM,Hydro,1690.984
29/7/2018 12:00,Max,NEM,Liquid Fuel,0.063
29/7/2018 12:00,Max,NEM,Utility-scale Solar,524.393
29/7/2018 12:00,Max,NEM,Wind,3395.858
18/8/2018 12:30,Max,NEM,Battery,10.718
18/8/2018 12:30,Max,NEM,Biomass,61.283
18/8/2018 12:30,Max,NEM,Black coal,9543.97
18/8/2018 12:30,Max,NEM,Brown coal,4097.025
18/8/2018 12:30,Max,NEM,Distributed PV,3406.807
18/8/2018 12:30,Max,NEM,Gas,494.475
18/8/2018 12:30,Max,NEM,Hydro,1338.585
18/8/2018 12:30,Max,NEM,Liquid Fuel,0.098
18/8/2018 12:30,Max,NEM,Utility-scale Solar,582.589
18/8/2018 12:30,Max,NEM,Wind,3694.63
26/8/2018 5:30,Min,NEM,Battery,0.001
26/8/2018 5:30,Min,NEM,Biomass,49.333
26/8/2018 5:30,Min,NEM,Black coal,10745.508
26/8/2018 5:30,Min,NEM,Brown coal,3822.67
26/8/2018 5:30,Min,NEM,Distributed PV,0
26/8/2018 5:30,Min,NEM,Gas,1363.959
26/8/2018 5:30,Min,NEM,Hydro,1686.212
26/8/2018 5:30,Min,NEM,Liquid Fuel,0.114
26/8/2018 5:30,Min,NEM,Utility-scale Solar,0.996
26/8/2018 5:30,Min,NEM,Wind,624.713
15/9/2018 12:00,Max,NEM,Battery,0
15/9/2018 12:00,Max,NEM,Biomass,49.7
15/9/2018 12:00,Max,NEM,Black coal,9940.573
15/9/2018 12:00,Max,NEM,Brown coal,3642.695
15/9/2018 12:00,Max,NEM,Distributed PV,3619.026
15/9/2018 12:00,Max,NEM,Gas,726.189
15/9/2018 12:00,Max,NEM,Hydro,1308.343
15/9/2018 12:00,Max,NEM,Liquid Fuel,0.063
15/9/2018 12:00,Max,NEM,Utility-scale Solar,744.665
15/9/2018 12:00,Max,NEM,Wind,3385.191
21/9/2018 5:00,Min,NEM,Battery,0
21/9/2018 5:00,Min,NEM,Biomass,42.016
21/9/2018 5:00,Min,NEM,Black coal,12442.967
21/9/2018 5:00,Min,NEM,Brown coal,3777.425
21/9/2018 5:00,Min,NEM,Distributed PV,0
21/9/2018 5:00,Min,NEM,Gas,1350.814
21/9/2018 5:00,Min,NEM,Hydro,1645.154
21/9/2018 5:00,Min,NEM,Liquid Fuel,0.1
21/9/2018 5:00,Min,NEM,Utility-scale Solar,0.678
21/9/2018 5:00,Min,NEM,Wind,683.175
27/10/2018 12:30,Max,NEM,Battery,0
27/10/2018 12:30,Max,NEM,Biomass,47.85
27/10/2018 12:30,Max,NEM,Black coal,10156.43
27/10/2018 12:30,Max,NEM,Brown coal,3493.569
27/10/2018 12:30,Max,NEM,Distributed PV,4278.19
27/10/2018 12:30,Max,NEM,Gas,724.922
27/10/2018 12:30,Max,NEM,Hydro,823.16
27/10/2018 12:30,Max,NEM,Liquid Fuel,0.046
27/10/2018 12:30,Max,NEM,Utility-scale Solar,1079.572
27/10/2018 12:30,Max,NEM,Wind,2158.734
30/10/2018 2:30,Min,NEM,Battery,0
30/10/2018 2:30,Min,NEM,Biomass,40.15
30/10/2018 2:30,Min,NEM,Black coal,11371.898
30/10/2018 2:30,Min,NEM,Brown coal,3826.834
30/10/2018 2:30,Min,NEM,Distributed PV,0
30/10/2018 2:30,Min,NEM,Gas,1577.444
30/10/2018 2:30,Min,NEM,Hydro,861.514
30/10/2018 2:30,Min,NEM,Liquid Fuel,14.071
30/10/2018 2:30,Min,NEM,Utility-scale Solar,1.477
30/10/2018 2:30,Min,NEM,Wind,635.124
23/11/2018 12:30,Max,NEM,Battery,14.313
23/11/2018 12:30,Max,NEM,Biomass,33.316
23/11/2018 12:30,Max,NEM,Black coal,11425.894
23/11/2018 12:30,Max,NEM,Brown coal,3210.267
23/11/2018 12:30,Max,NEM,Distributed PV,3839.752
23/11/2018 12:30,Max,NEM,Gas,658.647
23/11/2018 12:30,Max,NEM,Hydro,1411.17
23/11/2018 12:30,Max,NEM,Liquid Fuel,10.078
23/11/2018 12:30,Max,NEM,Utility-scale Solar,1187.859
23/11/2018 12:30,Max,NEM,Wind,2916.703
30/11/2018 4:00,Min,NEM,Battery,5.7
30/11/2018 4:00,Min,NEM,Biomass,18.383
30/11/2018 4:00,Min,NEM,Black coal,11683.211
30/11/2018 4:00,Min,NEM,Brown coal,3760.654
30/11/2018 4:00,Min,NEM,Distributed PV,0
30/11/2018 4:00,Min,NEM,Gas,1662.308
30/11/2018 4:00,Min,NEM,Hydro,992.939
30/11/2018 4:00,Min,NEM,Liquid Fuel,0.035
30/11/2018 4:00,Min,NEM,Utility-scale Solar,0.902
30/11/2018 4:00,Min,NEM,Wind,203.406
2/12/2018 10:30,Max,NEM,Battery,1.133
2/12/2018 10:30,Max,NEM,Biomass,36.266
2/12/2018 10:30,Max,NEM,Black coal,10613.467
2/12/2018 10:30,Max,NEM,Brown coal,3202.761
2/12/2018 10:30,Max,NEM,Distributed PV,4006.947
2/12/2018 10:30,Max,NEM,Gas,579.602
2/12/2018 10:30,Max,NEM,Hydro,588.112
2/12/2018 10:30,Max,NEM,Liquid Fuel,0.11
2/12/2018 10:30,Max,NEM,Utility-scale Solar,1221.953
2/12/2018 10:30,Max,NEM,Wind,3778.153
27/12/2018 2:30,Min,NEM,Battery,0.011
27/12/2018 2:30,Min,NEM,Biomass,16.7
27/12/2018 2:30,Min,NEM,Black coal,11000.814
27/12/2018 2:30,Min,NEM,Brown coal,4397.131
27/12/2018 2:30,Min,NEM,Distributed PV,0
27/12/2018 2:30,Min,NEM,Gas,773.39
27/12/2018 2:30,Min,NEM,Hydro,761.72
27/12/2018 2:30,Min,NEM,Liquid Fuel,0.057
27/12/2018 2:30,Min,NEM,Utility-scale Solar,0.677
27/12/2018 2:30,Min,NEM,Wind,887.217
8/1/2019 4:30,Min,NEM,Battery,0
8/1/2019 4:30,Min,NEM,Biomass,29.2
8/1/2019 4:30,Min,NEM,Black coal,12007.479
8/1/2019 4:30,Min,NEM,Brown coal,4365.943
8/1/2019 4:30,Min,NEM,Distributed PV,0
8/1/2019 4:30,Min,NEM,Gas,1140.565
8/1/2019 4:30,Min,NEM,Hydro,761.903
8/1/2019 4:30,Min,NEM,Liquid Fuel,0.047
8/1/2019 4:30,Min,NEM,Utility-scale Solar,1.388
8/1/2019 4:30,Min,NEM,Wind,625.251
13/1/2019 11:00,Max,NEM,Battery,0.005
13/1/2019 11:00,Max,NEM,Biomass,29.5
13/1/2019 11:00,Max,NEM,Black coal,11275.583
13/1/2019 11:00,Max,NEM,Brown coal,4015.079
13/1/2019 11:00,Max,NEM,Distributed PV,4214.506
13/1/2019 11:00,Max,NEM,Gas,891.605
13/1/2019 11:00,Max,NEM,Hydro,871.924
13/1/2019 11:00,Max,NEM,Liquid Fuel,0.081
13/1/2019 11:00,Max,NEM,Utility-scale Solar,1472.495
13/1/2019 11:00,Max,NEM,Wind,2217.708
9/2/2019 12:30,Max,NEM,Battery,0
9/2/2019 12:30,Max,NEM,Biomass,15.066
9/2/2019 12:30,Max,NEM,Black coal,12104.053
9/2/2019 12:30,Max,NEM,Brown coal,3531.061
9/2/2019 12:30,Max,NEM,Distributed PV,4014.747
9/2/2019 12:30,Max,NEM,Gas,1034.47
9/2/2019 12:30,Max,NEM,Hydro,507.357
9/2/2019 12:30,Max,NEM,Liquid Fuel,0.027
9/2/2019 12:30,Max,NEM,Utility-scale Solar,1111.89
9/2/2019 12:30,Max,NEM,Wind,3630.58
10/2/2019 6:00,Min,NEM,Battery,2.4
10/2/2019 6:00,Min,NEM,Biomass,38.866
10/2/2019 6:00,Min,NEM,Black coal,11819.754
10/2/2019 6:00,Min,NEM,Brown coal,4220.766
10/2/2019 6:00,Min,NEM,Distributed PV,66.11
10/2/2019 6:00,Min,NEM,Gas,1206.142
10/2/2019 6:00,Min,NEM,Hydro,521.768
10/2/2019 6:00,Min,NEM,Liquid Fuel,0.034
10/2/2019 6:00,Min,NEM,Utility-scale Solar,4.549
10/2/2019 6:00,Min,NEM,Wind,812.079
10/3/2019 1:00,Min,NEM,Battery,4.093
10/3/2019 1:00,Min,NEM,Biomass,38.333
10/3/2019 1:00,Min,NEM,Black coal,12199.956
10/3/2019 1:00,Min,NEM,Brown coal,4689.975
10/3/2019 1:00,Min,NEM,Distributed PV,0
10/3/2019 1:00,Min,NEM,Gas,1755.465
10/3/2019 1:00,Min,NEM,Hydro,495.779
10/3/2019 1:00,Min,NEM,Liquid Fuel,0.034
10/3/2019 1:00,Min,NEM,Utility-scale Solar,1.636
10/3/2019 1:00,Min,NEM,Wind,366.693
31/3/2019 12:00,Max,NEM,Battery,1.516
31/3/2019 12:00,Max,NEM,Biomass,13.883
31/3/2019 12:00,Max,NEM,Black coal,9226.885
31/3/2019 12:00,Max,NEM,Brown coal,3465.534
31/3/2019 12:00,Max,NEM,Distributed PV,3844.295
31/3/2019 12:00,Max,NEM,Gas,779.841
31/3/2019 12:00,Max,NEM,Hydro,1203.33
31/3/2019 12:00,Max,NEM,Liquid Fuel,0.039
31/3/2019 12:00,Max,NEM,Utility-scale Solar,1372.564
31/3/2019 12:00,Max,NEM,Wind,2093.824
7/4/2019 12:00,Max,NEM,Battery,2.914
7/4/2019 12:00,Max,NEM,Biomass,0
7/4/2019 12:00,Max,NEM,Black coal,9258.415
7/4/2019 12:00,Max,NEM,Brown coal,3238.58
7/4/2019 12:00,Max,NEM,Distributed PV,4262.765
7/4/2019 12:00,Max,NEM,Gas,637.917
7/4/2019 12:00,Max,NEM,Hydro,571.026
7/4/2019 12:00,Max,NEM,Liquid Fuel,0.019
7/4/2019 12:00,Max,NEM,Utility-scale Solar,1453.122
7/4/2019 12:00,Max,NEM,Wind,3216.347
24/4/2019 4:30,Min,NEM,Battery,2.4
24/4/2019 4:30,Min,NEM,Biomass,0
24/4/2019 4:30,Min,NEM,Black coal,10681.637
24/4/2019 4:30,Min,NEM,Brown coal,4196.363
24/4/2019 4:30,Min,NEM,Distributed PV,0
24/4/2019 4:30,Min,NEM,Gas,1313.874
24/4/2019 4:30,Min,NEM,Hydro,545.58
24/4/2019 4:30,Min,NEM,Liquid Fuel,0.019
24/4/2019 4:30,Min,NEM,Utility-scale Solar,2.176
24/4/2019 4:30,Min,NEM,Wind,805.358
6/5/2019 5:30,Min,NEM,Battery,0.002
6/5/2019 5:30,Min,NEM,Biomass,0
6/5/2019 5:30,Min,NEM,Black coal,11328.463
6/5/2019 5:30,Min,NEM,Brown coal,3228.76
6/5/2019 5:30,Min,NEM,Distributed PV,0
6/5/2019 5:30,Min,NEM,Gas,1960.796
6/5/2019 5:30,Min,NEM,Hydro,1094.628
6/5/2019 5:30,Min,NEM,Liquid Fuel,0.038
6/5/2019 5:30,Min,NEM,Utility-scale Solar,1.798
6/5/2019 5:30,Min,NEM,Wind,563.207
26/5/2019 12:00,Max,NEM,Battery,1.257
26/5/2019 12:00,Max,NEM,Biomass,0
26/5/2019 12:00,Max,NEM,Black coal,9412.614
26/5/2019 12:00,Max,NEM,Brown coal,3404.138
26/5/2019 12:00,Max,NEM,Distributed PV,3258.115
26/5/2019 12:00,Max,NEM,Gas,663.419
26/5/2019 12:00,Max,NEM,Hydro,944.47
26/5/2019 12:00,Max,NEM,Liquid Fuel,0.019
26/5/2019 12:00,Max,NEM,Utility-scale Solar,1392.682
26/5/2019 12:00,Max,NEM,Wind,3628.588
17/6/2019 3:00,Min,NEM,Battery,7.783
17/6/2019 3:00,Min,NEM,Biomass,32.766
17/6/2019 3:00,Min,NEM,Black coal,11570.209
17/6/2019 3:00,Min,NEM,Brown coal,3854.134
17/6/2019 3:00,Min,NEM,Distributed PV,0
17/6/2019 3:00,Min,NEM,Gas,1602.071
17/6/2019 3:00,Min,NEM,Hydro,1277.681
17/6/2019 3:00,Min,NEM,Liquid Fuel,0.563
17/6/2019 3:00,Min,NEM,Utility-scale Solar,1.644
17/6/2019 3:00,Min,NEM,Wind,565.749
30/6/2019 12:30,Max,NEM,Battery,13.45
30/6/2019 12:30,Max,NEM,Biomass,60.983
30/6/2019 12:30,Max,NEM,Black coal,9458.405
30/6/2019 12:30,Max,NEM,Brown coal,4057.823
30/6/2019 12:30,Max,NEM,Distributed PV,3136.496
30/6/2019 12:30,Max,NEM,Gas,550.478
30/6/2019 12:30,Max,NEM,Hydro,926.565
30/6/2019 12:30,Max,NEM,Liquid Fuel,5.39
30/6/2019 12:30,Max,NEM,Utility-scale Solar,1670.687
30/6/2019 12:30,Max,NEM,Wind,3361.931
20/7/2019 13:00,Max,NEM,Battery,1.439
20/7/2019 13:00,Max,NEM,Biomass,32.216
20/7/2019 13:00,Max,NEM,Black coal,9458.81
20/7/2019 13:00,Max,NEM,Brown coal,3098.981
20/7/2019 13:00,Max,NEM,Distributed PV,4204.135
20/7/2019 13:00,Max,NEM,Gas,686.856
20/7/2019 13:00,Max,NEM,Hydro,1187.909
20/7/2019 13:00,Max,NEM,Liquid Fuel,0.091
20/7/2019 13:00,Max,NEM,Utility-scale Solar,1791.455
20/7/2019 13:00,Max,NEM,Wind,3017.985
27/7/2019 3:00,Min,NEM,Battery,0.25
27/7/2019 3:00,Min,NEM,Biomass,51.116
27/7/2019 3:00,Min,NEM,Black coal,12107.706
27/7/2019 3:00,Min,NEM,Brown coal,3867.965
27/7/2019 3:00,Min,NEM,Distributed PV,0
27/7/2019 3:00,Min,NEM,Gas,1551.495
27/7/2019 3:00,Min,NEM,Hydro,1531.037
27/7/2019 3:00,Min,NEM,Liquid Fuel,0.088
27/7/2019 3:00,Min,NEM,Utility-scale Solar,0.327
27/7/2019 3:00,Min,NEM,Wind,240.673
24/8/2019 12:30,Max,NEM,Battery,13.885
24/8/2019 12:30,Max,NEM,Biomass,49.366
24/8/2019 12:30,Max,NEM,Black coal,8942.001
24/8/2019 12:30,Max,NEM,Brown coal,2700.675
24/8/2019 12:30,Max,NEM,Distributed PV,4417.127
24/8/2019 12:30,Max,NEM,Gas,633.266
24/8/2019 12:30,Max,NEM,Hydro,1055.425
24/8/2019 12:30,Max,NEM,Liquid Fuel,0.083
24/8/2019 12:30,Max,NEM,Utility-scale Solar,1663.758
24/8/2019 12:30,Max,NEM,Wind,3549.486
26/8/2019 3:00,Min,NEM,Battery,0
26/8/2019 3:00,Min,NEM,Biomass,70.333
26/8/2019 3:00,Min,NEM,Black coal,10829.295
26/8/2019 3:00,Min,NEM,Brown coal,3836.403
26/8/2019 3:00,Min,NEM,Distributed PV,0
26/8/2019 3:00,Min,NEM,Gas,2185.391
26/8/2019 3:00,Min,NEM,Hydro,1137.291
26/8/2019 3:00,Min,NEM,Liquid Fuel,0.073
26/8/2019 3:00,Min,NEM,Utility-scale Solar,1.807
26/8/2019 3:00,Min,NEM,Wind,804.601
13/9/2019 5:00,Min,NEM,Battery,4.083
13/9/2019 5:00,Min,NEM,Biomass,41
13/9/2019 5:00,Min,NEM,Black coal,11001.092
13/9/2019 5:00,Min,NEM,Brown coal,3357.659
13/9/2019 5:00,Min,NEM,Distributed PV,0
13/9/2019 5:00,Min,NEM,Gas,2882.788
13/9/2019 5:00,Min,NEM,Hydro,1230.54
13/9/2019 5:00,Min,NEM,Liquid Fuel,0.26
13/9/2019 5:00,Min,NEM,Utility-scale Solar,1.036
13/9/2019 5:00,Min,NEM,Wind,504.958
22/9/2019 12:30,Max,NEM,Battery,7.205
22/9/2019 12:30,Max,NEM,Biomass,38.9
22/9/2019 12:30,Max,NEM,Black coal,8497.997
22/9/2019 12:30,Max,NEM,Brown coal,2402.812
22/9/2019 12:30,Max,NEM,Distributed PV,4491.321
22/9/2019 12:30,Max,NEM,Gas,674.307
22/9/2019 12:30,Max,NEM,Hydro,1133.28
22/9/2019 12:30,Max,NEM,Liquid Fuel,0.043
22/9/2019 12:30,Max,NEM,Utility-scale Solar,1906.706
22/9/2019 12:30,Max,NEM,Wind,2483.914
6/10/2019 14:00,Max,NEM,Battery,0.433
6/10/2019 14:00,Max,NEM,Biomass,12.416
6/10/2019 14:00,Max,NEM,Black coal,8315.946
6/10/2019 14:00,Max,NEM,Brown coal,2782.974
6/10/2019 14:00,Max,NEM,Distributed PV,3485.154
6/10/2019 14:00,Max,NEM,Gas,389.489
6/10/2019 14:00,Max,NEM,Hydro,807.239
6/10/2019 14:00,Max,NEM,Liquid Fuel,0.035
6/10/2019 14:00,Max,NEM,Utility-scale Solar,2121.003
6/10/2019 14:00,Max,NEM,Wind,3471.743
28/10/2019 4:30,Min,NEM,Battery,7.987
28/10/2019 4:30,Min,NEM,Biomass,44.383
28/10/2019 4:30,Min,NEM,Black coal,10949.578
28/10/2019 4:30,Min,NEM,Brown coal,3592.268
28/10/2019 4:30,Min,NEM,Distributed PV,0
28/10/2019 4:30,Min,NEM,Gas,2093.411
28/10/2019 4:30,Min,NEM,Hydro,836.263
28/10/2019 4:30,Min,NEM,Liquid Fuel,0.054
28/10/2019 4:30,Min,NEM,Utility-scale Solar,0.716
28/10/2019 4:30,Min,NEM,Wind,904.623
6/11/2019 12:00,Max,NEM,Battery,15.502
6/11/2019 12:00,Max,NEM,Biomass,38.466
6/11/2019 12:00,Max,NEM,Black coal,8529.828
6/11/2019 12:00,Max,NEM,Brown coal,3306.539
6/11/2019 12:00,Max,NEM,Distributed PV,5753.06
6/11/2019 12:00,Max,NEM,Gas,787.343
6/11/2019 12:00,Max,NEM,Hydro,471.775
6/11/2019 12:00,Max,NEM,Liquid Fuel,0.111
6/11/2019 12:00,Max,NEM,Utility-scale Solar,2111.984
6/11/2019 12:00,Max,NEM,Wind,3632.085
29/11/2019 4:00,Min,NEM,Battery,0.014
29/11/2019 4:00,Min,NEM,Biomass,33.95
29/11/2019 4:00,Min,NEM,Black coal,11792.542
29/11/2019 4:00,Min,NEM,Brown coal,4181.912
29/11/2019 4:00,Min,NEM,Distributed PV,0
29/11/2019 4:00,Min,NEM,Gas,1033.359
29/11/2019 4:00,Min,NEM,Hydro,1014.723
29/11/2019 4:00,Min,NEM,Liquid Fuel,0.019
29/11/2019 4:00,Min,NEM,Utility-scale Solar,0.209
29/11/2019 4:00,Min,NEM,Wind,700.088
2/12/2019 12:30,Max,NEM,Battery,0.073
2/12/2019 12:30,Max,NEM,Biomass,38.116
2/12/2019 12:30,Max,NEM,Black coal,9706.786
2/12/2019 12:30,Max,NEM,Brown coal,3985.718
2/12/2019 12:30,Max,NEM,Distributed PV,5209.739
2/12/2019 12:30,Max,NEM,Gas,569.273
2/12/2019 12:30,Max,NEM,Hydro,837.859
2/12/2019 12:30,Max,NEM,Liquid Fuel,0.019
2/12/2019 12:30,Max,NEM,Utility-scale Solar,2066.86
2/12/2019 12:30,Max,NEM,Wind,4157.045
29/12/2019 4:00,Min,NEM,Battery,2.109
29/12/2019 4:00,Min,NEM,Biomass,11.716
29/12/2019 4:00,Min,NEM,Black coal,11592.311
29/12/2019 4:00,Min,NEM,Brown coal,4137.016
29/12/2019 4:00,Min,NEM,Distributed PV,0
29/12/2019 4:00,Min,NEM,Gas,1107.05
29/12/2019 4:00,Min,NEM,Hydro,612.237
29/12/2019 4:00,Min,NEM,Liquid Fuel,0.24
29/12/2019 4:00,Min,NEM,Utility-scale Solar,0.693
29/12/2019 4:00,Min,NEM,Wind,617.56
1/1/2020 11:30,Max,NEM,Battery,11.511
1/1/2020 11:30,Max,NEM,Biomass,22.183
1/1/2020 11:30,Max,NEM,Black coal,9648.646
1/1/2020 11:30,Max,NEM,Brown coal,3652.171
1/1/2020 11:30,Max,NEM,Distributed PV,5980.972
1/1/2020 11:30,Max,NEM,Gas,658.689
1/1/2020 11:30,Max,NEM,Hydro,507.277
1/1/2020 11:30,Max,NEM,Liquid Fuel,0.243
1/1/2020 11:30,Max,NEM,Utility-scale Solar,2255.384
1/1/2020 11:30,Max,NEM,Wind,951.594
26/1/2020 5:30,Min,NEM,Battery,2.928
26/1/2020 5:30,Min,NEM,Biomass,28.05
26/1/2020 5:30,Min,NEM,Black coal,12013.516
26/1/2020 5:30,Min,NEM,Brown coal,4658.084
26/1/2020 5:30,Min,NEM,Distributed PV,4.906
26/1/2020 5:30,Min,NEM,Gas,1144.647
26/1/2020 5:30,Min,NEM,Hydro,836.455
26/1/2020 5:30,Min,NEM,Liquid Fuel,0.243
26/1/2020 5:30,Min,NEM,Utility-scale Solar,1.166
26/1/2020 5:30,Min,NEM,Wind,652.849
11/2/2020 4:00,Min,NEM,Battery,0.983
11/2/2020 4:00,Min,NEM,Biomass,29.316
11/2/2020 4:00,Min,NEM,Black coal,10996.312
11/2/2020 4:00,Min,NEM,Brown coal,4167.765
11/2/2020 4:00,Min,NEM,Distributed PV,0
11/2/2020 4:00,Min,NEM,Gas,1944.587
11/2/2020 4:00,Min,NEM,Hydro,614.482
11/2/2020 4:00,Min,NEM,Liquid Fuel,0.019
11/2/2020 4:00,Min,NEM,Utility-scale Solar,0.02
11/2/2020 4:00,Min,NEM,Wind,1166.54
28/2/2020 12:30,Max,NEM,Battery,0.012
28/2/2020 12:30,Max,NEM,Biomass,30.15
28/2/2020 12:30,Max,NEM,Black coal,11980.707
28/2/2020 12:30,Max,NEM,Brown coal,3801.828
28/2/2020 12:30,Max,NEM,Distributed PV,5809.043
28/2/2020 12:30,Max,NEM,Gas,941.802
28/2/2020 12:30,Max,NEM,Hydro,1605.527
28/2/2020 12:30,Max,NEM,Liquid Fuel,0.019
28/2/2020 12:30,Max,NEM,Utility-scale Solar,2303.894
28/2/2020 12:30,Max,NEM,Wind,685.889
1/3/2020 12:30,Max,NEM,Battery,5.565
1/3/2020 12:30,Max,NEM,Biomass,30.9
1/3/2020 12:30,Max,NEM,Black coal,9814.484
1/3/2020 12:30,Max,NEM,Brown coal,3696.256
1/3/2020 12:30,Max,NEM,Distributed PV,5803.072
1/3/2020 12:30,Max,NEM,Gas,558.581
1/3/2020 12:30,Max,NEM,Hydro,711.57
1/3/2020 12:30,Max,NEM,Liquid Fuel,0.019
1/3/2020 12:30,Max,NEM,Utility-scale Solar,2147.551
1/3/2020 12:30,Max,NEM,Wind,2592.66
21/3/2020 5:30,Min,NEM,Battery,9.721
21/3/2020 5:30,Min,NEM,Biomass,0
21/3/2020 5:30,Min,NEM,Black coal,10880.865
21/3/2020 5:30,Min,NEM,Brown coal,4110.908
21/3/2020 5:30,Min,NEM,Distributed PV,0
21/3/2020 5:30,Min,NEM,Gas,1560.603
21/3/2020 5:30,Min,NEM,Hydro,756.823
21/3/2020 5:30,Min,NEM,Liquid Fuel,0.019
21/3/2020 5:30,Min,NEM,Utility-scale Solar,0.619
21/3/2020 5:30,Min,NEM,Wind,912.898
11/4/2020 11:30,Max,NEM,Battery,6.133
11/4/2020 11:30,Max,NEM,Biomass,0
11/4/2020 11:30,Max,NEM,Black coal,8241.818
11/4/2020 11:30,Max,NEM,Brown coal,3000.918
11/4/2020 11:30,Max,NEM,Distributed PV,4723.039
11/4/2020 11:30,Max,NEM,Gas,528.296
11/4/2020 11:30,Max,NEM,Hydro,484.061
11/4/2020 11:30,Max,NEM,Liquid Fuel,0.019
11/4/2020 11:30,Max,NEM,Utility-scale Solar,2031.746
11/4/2020 11:30,Max,NEM,Wind,3795.166
19/4/2020 5:00,Min,NEM,Battery,5.033
19/4/2020 5:00,Min,NEM,Biomass,8
19/4/2020 5:00,Min,NEM,Black coal,10426.752
19/4/2020 5:00,Min,NEM,Brown coal,3937.869
19/4/2020 5:00,Min,NEM,Distributed PV,0
19/4/2020 5:00,Min,NEM,Gas,817.325
19/4/2020 5:00,Min,NEM,Hydro,1591.857
19/4/2020 5:00,Min,NEM,Liquid Fuel,0
19/4/2020 5:00,Min,NEM,Utility-scale Solar,0.496
19/4/2020 5:00,Min,NEM,Wind,103.369
28/5/2020 5:00,Min,NEM,Battery,3.941
28/5/2020 5:00,Min,NEM,Biomass,0
28/5/2020 5:00,Min,NEM,Black coal,10996.37
28/5/2020 5:00,Min,NEM,Brown coal,3210.749
28/5/2020 5:00,Min,NEM,Distributed PV,0
28/5/2020 5:00,Min,NEM,Gas,1961.152
28/5/2020 5:00,Min,NEM,Hydro,1693.832
28/5/2020 5:00,Min,NEM,Liquid Fuel,0
28/5/2020 5:00,Min,NEM,Utility-scale Solar,0.275
28/5/2020 5:00,Min,NEM,Wind,655.88
30/5/2020 12:30,Max,NEM,Battery,9.601
30/5/2020 12:30,Max,NEM,Biomass,0
30/5/2020 12:30,Max,NEM,Black coal,8431.594
30/5/2020 12:30,Max,NEM,Brown coal,3068.627
30/5/2020 12:30,Max,NEM,Distributed PV,4586.687
30/5/2020 12:30,Max,NEM,Gas,776.432
30/5/2020 12:30,Max,NEM,Hydro,493.385
30/5/2020 12:30,Max,NEM,Liquid Fuel,0
30/5/2020 12:30,Max,NEM,Utility-scale Solar,1783.429
30/5/2020 12:30,Max,NEM,Wind,3600.605
1/6/2020 12:00,Max,NEM,Battery,7.716
1/6/2020 12:00,Max,NEM,Biomass,0
1/6/2020 12:00,Max,NEM,Black coal,9872.028
1/6/2020 12:00,Max,NEM,Brown coal,4315.809
1/6/2020 12:00,Max,NEM,Distributed PV,3528.843
1/6/2020 12:00,Max,NEM,Gas,923.221
1/6/2020 12:00,Max,NEM,Hydro,1630.127
1/6/2020 12:00,Max,NEM,Liquid Fuel,0
1/6/2020 12:00,Max,NEM,Utility-scale Solar,1536.607
1/6/2020 12:00,Max,NEM,Wind,4053.745
6/6/2020 4:30,Min,NEM,Battery,0
6/6/2020 4:30,Min,NEM,Biomass,31.35
6/6/2020 4:30,Min,NEM,Black coal,11277.745
6/6/2020 4:30,Min,NEM,Brown coal,4731.181
6/6/2020 4:30,Min,NEM,Distributed PV,0
6/6/2020 4:30,Min,NEM,Gas,1462.744
6/6/2020 4:30,Min,NEM,Hydro,1194.515
6/6/2020 4:30,Min,NEM,Liquid Fuel,0.003
6/6/2020 4:30,Min,NEM,Utility-scale Solar,0.547
6/6/2020 4:30,Min,NEM,Wind,279.303
19/7/2020 12:30,Max,NEM,Battery,0
19/7/2020 12:30,Max,NEM,Biomass,30.2
19/7/2020 12:30,Max,NEM,Black coal,8391.056
19/7/2020 12:30,Max,NEM,Brown coal,3112.27
19/7/2020 12:30,Max,NEM,Distributed PV,4545.412
19/7/2020 12:30,Max,NEM,Gas,669.591
19/7/2020 12:30,Max,NEM,Hydro,499.487
19/7/2020 12:30,Max,NEM,Liquid Fuel,0.004
19/7/2020 12:30,Max,NEM,Utility-scale Solar,1939.039
19/7/2020 12:30,Max,NEM,Wind,3927.032
29/7/2020 4:30,Min,NEM,Battery,2.1
29/7/2020 4:30,Min,NEM,Biomass,0
29/7/2020 4:30,Min,NEM,Black coal,10950.801
29/7/2020 4:30,Min,NEM,Brown coal,4136.029
29/7/2020 4:30,Min,NEM,Distributed PV,0
29/7/2020 4:30,Min,NEM,Gas,2446.983
29/7/2020 4:30,Min,NEM,Hydro,927.373
29/7/2020 4:30,Min,NEM,Liquid Fuel,0.022
29/7/2020 4:30,Min,NEM,Utility-scale Solar,0
29/7/2020 4:30,Min,NEM,Wind,760.792
3/8/2020 3:30,Min,NEM,Battery,0
3/8/2020 3:30,Min,NEM,Biomass,0
3/8/2020 3:30,Min,NEM,Black coal,11000.797
3/8/2020 3:30,Min,NEM,Brown coal,4163.075
3/8/2020 3:30,Min,NEM,Distributed PV,0
3/8/2020 3:30,Min,NEM,Gas,1971.782
3/8/2020 3:30,Min,NEM,Hydro,463.012
3/8/2020 3:30,Min,NEM,Liquid Fuel,0
3/8/2020 3:30,Min,NEM,Utility-scale Solar,0.92
3/8/2020 3:30,Min,NEM,Wind,1017.211
20/8/2020 12:30,Max,NEM,Battery,7.366
20/8/2020 12:30,Max,NEM,Biomass,49.05
20/8/2020 12:30,Max,NEM,Black coal,9497.765
20/8/2020 12:30,Max,NEM,Brown coal,2851.713
20/8/2020 12:30,Max,NEM,Distributed PV,5284.505
20/8/2020 12:30,Max,NEM,Gas,557.172
20/8/2020 12:30,Max,NEM,Hydro,859.704
20/8/2020 12:30,Max,NEM,Liquid Fuel,0
20/8/2020 12:30,Max,NEM,Utility-scale Solar,2178.28
20/8/2020 12:30,Max,NEM,Wind,4282.217
6/9/2020 1:00,Min,NEM,Battery,6.895
6/9/2020 1:00,Min,NEM,Biomass,42.316
6/9/2020 1:00,Min,NEM,Black coal,11951.191
6/9/2020 1:00,Min,NEM,Brown coal,3902.437
6/9/2020 1:00,Min,NEM,Distributed PV,0
6/9/2020 1:00,Min,NEM,Gas,1332.741
6/9/2020 1:00,Min,NEM,Hydro,1690.061
6/9/2020 1:00,Min,NEM,Liquid Fuel,0
6/9/2020 1:00,Min,NEM,Utility-scale Solar,0.019
6/9/2020 1:00,Min,NEM,Wind,835.436
22/9/2020 11:30,Max,NEM,Battery,28.328
22/9/2020 11:30,Max,NEM,Biomass,48.366
22/9/2020 11:30,Max,NEM,Black coal,8355.907
22/9/2020 11:30,Max,NEM,Brown coal,3095.701
22/9/2020 11:30,Max,NEM,Distributed PV,5748.911
22/9/2020 11:30,Max,NEM,Gas,640.85
22/9/2020 11:30,Max,NEM,Hydro,460.168
22/9/2020 11:30,Max,NEM,Liquid Fuel,0
22/9/2020 11:30,Max,NEM,Utility-scale Solar,2304.39
22/9/2020 11:30,Max,NEM,Wind,4293.285
3/10/2020 11:00,Max,NEM,Battery,0
3/10/2020 11:00,Max,NEM,Biomass,23.516
3/10/2020 11:00,Max,NEM,Black coal,7209.152
3/10/2020 11:00,Max,NEM,Brown coal,2665.021
3/10/2020 11:00,Max,NEM,Distributed PV,6061.541
3/10/2020 11:00,Max,NEM,Gas,426.583
3/10/2020 11:00,Max,NEM,Hydro,528.957
3/10/2020 11:00,Max,NEM,Liquid Fuel,0
3/10/2020 11:00,Max,NEM,Utility-scale Solar,2313.446
3/10/2020 11:00,Max,NEM,Wind,3273.325
28/10/2020 23:30,Min,NEM,Battery,28.661
28/10/2020 23:30,Min,NEM,Biomass,27.533
28/10/2020 23:30,Min,NEM,Black coal,11955.331
28/10/2020 23:30,Min,NEM,Brown coal,3287.741
28/10/2020 23:30,Min,NEM,Distributed PV,0
28/10/2020 23:30,Min,NEM,Gas,1969.79
28/10/2020 23:30,Min,NEM,Hydro,1971.663
28/10/2020 23:30,Min,NEM,Liquid Fuel,0
28/10/2020 23:30,Min,NEM,Utility-scale Solar,0
28/10/2020 23:30,Min,NEM,Wind,937.556
15/11/2020 11:30,Max,NEM,Battery,9.179
15/11/2020 11:30,Max,NEM,Biomass,46.816
15/11/2020 11:30,Max,NEM,Black coal,8320.635
15/11/2020 11:30,Max,NEM,Brown coal,2759.716
15/11/2020 11:30,Max,NEM,Distributed PV,6575.09
15/11/2020 11:30,Max,NEM,Gas,420.615
15/11/2020 11:30,Max,NEM,Hydro,652.528
15/11/2020 11:30,Max,NEM,Liquid Fuel,0
15/11/2020 11:30,Max,NEM,Utility-scale Solar,2668.399
15/11/2020 11:30,Max,NEM,Wind,3238.01
24/11/2020 4:30,Min,NEM,Battery,5.107
24/11/2020 4:30,Min,NEM,Biomass,29.9
24/11/2020 4:30,Min,NEM,Black coal,11429.561
24/11/2020 4:30,Min,NEM,Brown coal,4333.535
24/11/2020 4:30,Min,NEM,Distributed PV,0
24/11/2020 4:30,Min,NEM,Gas,952.444
24/11/2020 4:30,Min,NEM,Hydro,692.91
24/11/2020 4:30,Min,NEM,Liquid Fuel,0.224
24/11/2020 4:30,Min,NEM,Utility-scale Solar,0.09
24/11/2020 4:30,Min,NEM,Wind,1141.734
6/12/2020 12:00,Max,NEM,Battery,26.57
6/12/2020 12:00,Max,NEM,Biomass,28.883
6/12/2020 12:00,Max,NEM,Black coal,8313.029
6/12/2020 12:00,Max,NEM,Brown coal,3059.114
6/12/2020 12:00,Max,NEM,Distributed PV,6636.098
6/12/2020 12:00,Max,NEM,Gas,728.108
6/12/2020 12:00,Max,NEM,Hydro,623.487
6/12/2020 12:00,Max,NEM,Liquid Fuel,0
6/12/2020 12:00,Max,NEM,Utility-scale Solar,2336.303
6/12/2020 12:00,Max,NEM,Wind,3321.588
21/12/2020 4:00,Min,NEM,Battery,13.025
21/12/2020 4:00,Min,NEM,Biomass,0
21/12/2020 4:00,Min,NEM,Black coal,11006.548
21/12/2020 4:00,Min,NEM,Brown coal,4358.041
21/12/2020 4:00,Min,NEM,Distributed PV,0
21/12/2020 4:00,Min,NEM,Gas,836.467
21/12/2020 4:00,Min,NEM,Hydro,697.881
21/12/2020 4:00,Min,NEM,Liquid Fuel,0
21/12/2020 4:00,Min,NEM,Utility-scale Solar,0
21/12/2020 4:00,Min,NEM,Wind,1530.89
17/1/2021 13:30,Max,NEM,Battery,0.007
17/1/2021 13:30,Max,NEM,Biomass,29.4
17/1/2021 13:30,Max,NEM,Black coal,8465.588
17/1/2021 13:30,Max,NEM,Brown coal,2639.04
17/1/2021 13:30,Max,NEM,Distributed PV,6738.789
17/1/2021 13:30,Max,NEM,Gas,547.458
17/1/2021 13:30,Max,NEM,Hydro,571.753
17/1/2021 13:30,Max,NEM,Liquid Fuel,0.224
17/1/2021 13:30,Max,NEM,Utility-scale Solar,2787.497
17/1/2021 13:30,Max,NEM,Wind,2083.737
22/1/2021 4:00,Min,NEM,Battery,74.456
22/1/2021 4:00,Min,NEM,Biomass,34.266
22/1/2021 4:00,Min,NEM,Black coal,10654.191
22/1/2021 4:00,Min,NEM,Brown coal,4808.135
22/1/2021 4:00,Min,NEM,Distributed PV,0
22/1/2021 4:00,Min,NEM,Gas,973.191
22/1/2021 4:00,Min,NEM,Hydro,916.74
22/1/2021 4:00,Min,NEM,Liquid Fuel,82.55
22/1/2021 4:00,Min,NEM,Utility-scale Solar,0
22/1/2021 4:00,Min,NEM,Wind,1194.395
22/2/2021 12:00,Max,NEM,Battery,1.725
22/2/2021 12:00,Max,NEM,Biomass,28.933
22/2/2021 12:00,Max,NEM,Black coal,10878.396
22/2/2021 12:00,Max,NEM,Brown coal,3406.09
22/2/2021 12:00,Max,NEM,Distributed PV,7053.981
22/2/2021 12:00,Max,NEM,Gas,663.882
22/2/2021 12:00,Max,NEM,Hydro,592.27
22/2/2021 12:00,Max,NEM,Liquid Fuel,0
22/2/2021 12:00,Max,NEM,Utility-scale Solar,3201.365
22/2/2021 12:00,Max,NEM,Wind,3226.352
28/2/2021 2:00,Min,NEM,Battery,5.308
28/2/2021 2:00,Min,NEM,Biomass,0
28/2/2021 2:00,Min,NEM,Black coal,11221.878
28/2/2021 2:00,Min,NEM,Brown coal,4220.712
28/2/2021 2:00,Min,NEM,Distributed PV,0
28/2/2021 2:00,Min,NEM,Gas,1303.924
28/2/2021 2:00,Min,NEM,Hydro,1093.043
28/2/2021 2:00,Min,NEM,Liquid Fuel,0
28/2/2021 2:00,Min,NEM,Utility-scale Solar,0.171
28/2/2021 2:00,Min,NEM,Wind,730.739
1/3/2021 2:00,Min,NEM,Battery,5.716
1/3/2021 2:00,Min,NEM,Biomass,0
1/3/2021 2:00,Min,NEM,Black coal,10824.862
1/3/2021 2:00,Min,NEM,Brown coal,4629.825
1/3/2021 2:00,Min,NEM,Distributed PV,0
1/3/2021 2:00,Min,NEM,Gas,1070.834
1/3/2021 2:00,Min,NEM,Hydro,852.531
1/3/2021 2:00,Min,NEM,Liquid Fuel,0
1/3/2021 2:00,Min,NEM,Utility-scale Solar,0.146
1/3/2021 2:00,Min,NEM,Wind,1413.038
27/3/2021 13:00,Max,NEM,Battery,0.092
27/3/2021 13:00,Max,NEM,Biomass,0
27/3/2021 13:00,Max,NEM,Black coal,8023.11
27/3/2021 13:00,Max,NEM,Brown coal,2817.482
27/3/2021 13:00,Max,NEM,Distributed PV,6202.002
27/3/2021 13:00,Max,NEM,Gas,637.49
27/3/2021 13:00,Max,NEM,Hydro,515.157
27/3/2021 13:00,Max,NEM,Liquid Fuel,0
27/3/2021 13:00,Max,NEM,Utility-scale Solar,2856.719
27/3/2021 13:00,Max,NEM,Wind,2522.478
11/4/2021 11:30,Max,NEM,Battery,0
11/4/2021 11:30,Max,NEM,Biomass,0
11/4/2021 11:30,Max,NEM,Black coal,7013.815
11/4/2021 11:30,Max,NEM,Brown coal,2830.023
11/4/2021 11:30,Max,NEM,Distributed PV,5656.768
11/4/2021 11:30,Max,NEM,Gas,443.145
11/4/2021 11:30,Max,NEM,Hydro,572.048
11/4/2021 11:30,Max,NEM,Liquid Fuel,0
11/4/2021 11:30,Max,NEM,Utility-scale Solar,2253.276
11/4/2021 11:30,Max,NEM,Wind,4073.945
29/4/2021 5:00,Min,NEM,Battery,0.015
29/4/2021 5:00,Min,NEM,Biomass,0
29/4/2021 5:00,Min,NEM,Black coal,11391.844
29/4/2021 5:00,Min,NEM,Brown coal,4387.691
29/4/2021 5:00,Min,NEM,Distributed PV,0
29/4/2021 5:00,Min,NEM,Gas,920.38
29/4/2021 5:00,Min,NEM,Hydro,1509.948
29/4/2021 5:00,Min,NEM,Liquid Fuel,0
29/4/2021 5:00,Min,NEM,Utility-scale Solar,0.121
29/4/2021 5:00,Min,NEM,Wind,684.749
3/5/2021 4:30,Min,NEM,Battery,3.69
3/5/2021 4:30,Min,NEM,Biomass,0
3/5/2021 4:30,Min,NEM,Black coal,10459.821
3/5/2021 4:30,Min,NEM,Brown coal,4351.925
3/5/2021 4:30,Min,NEM,Distributed PV,0
3/5/2021 4:30,Min,NEM,Gas,668.975
3/5/2021 4:30,Min,NEM,Hydro,909.373
3/5/2021 4:30,Min,NEM,Liquid Fuel,0
3/5/2021 4:30,Min,NEM,Utility-scale Solar,0.04
3/5/2021 4:30,Min,NEM,Wind,1170.806
13/5/2021 12:30,Max,NEM,Battery,3.768
13/5/2021 12:30,Max,NEM,Biomass,13.083
13/5/2021 12:30,Max,NEM,Black coal,8817.776
13/5/2021 12:30,Max,NEM,Brown coal,3095.884
13/5/2021 12:30,Max,NEM,Distributed PV,5224.974
13/5/2021 12:30,Max,NEM,Gas,590.718
13/5/2021 12:30,Max,NEM,Hydro,1670.975
13/5/2021 12:30,Max,NEM,Liquid Fuel,4.556
13/5/2021 12:30,Max,NEM,Utility-scale Solar,2630.034
13/5/2021 12:30,Max,NEM,Wind,3248.53
5/6/2021 12:00,Max,NEM,Battery,0
5/6/2021 12:00,Max,NEM,Biomass,1.516
5/6/2021 12:00,Max,NEM,Black coal,8424.626
5/6/2021 12:00,Max,NEM,Brown coal,3489.484
5/6/2021 12:00,Max,NEM,Distributed PV,5229.838
5/6/2021 12:00,Max,NEM,Gas,832.081
5/6/2021 12:00,Max,NEM,Hydro,744.222
5/6/2021 12:00,Max,NEM,Liquid Fuel,0
5/6/2021 12:00,Max,NEM,Utility-scale Solar,2596.76
5/6/2021 12:00,Max,NEM,Wind,3865.957
21/6/2021 2:00,Min,NEM,Battery,0.001
21/6/2021 2:00,Min,NEM,Biomass,17.333
21/6/2021 2:00,Min,NEM,Black coal,12189.542
21/6/2021 2:00,Min,NEM,Brown coal,3544.96
21/6/2021 2:00,Min,NEM,Distributed PV,0
21/6/2021 2:00,Min,NEM,Gas,2249.961
21/6/2021 2:00,Min,NEM,Hydro,1764.608
21/6/2021 2:00,Min,NEM,Liquid Fuel,0
21/6/2021 2:00,Min,NEM,Utility-scale Solar,0.215
21/6/2021 2:00,Min,NEM,Wind,805.176
5/7/2021 5:00,Min,NEM,Battery,0.786
5/7/2021 5:00,Min,NEM,Biomass,31.75
5/7/2021 5:00,Min,NEM,Black coal,11240.094
5/7/2021 5:00,Min,NEM,Brown coal,4776.044
5/7/2021 5:00,Min,NEM,Distributed PV,0
5/7/2021 5:00,Min,NEM,Gas,1300.625
5/7/2021 5:00,Min,NEM,Hydro,1283.52
5/7/2021 5:00,Min,NEM,Liquid Fuel,0
5/7/2021 5:00,Min,NEM,Utility-scale Solar,0.175
5/7/2021 5:00,Min,NEM,Wind,1575.631
25/7/2021 12:00,Max,NEM,Battery,0
25/7/2021 12:00,Max,NEM,Biomass,27.916
25/7/2021 12:00,Max,NEM,Black coal,8283.969
25/7/2021 12:00,Max,NEM,Brown coal,3653.771
25/7/2021 12:00,Max,NEM,Distributed PV,5606.26
25/7/2021 12:00,Max,NEM,Gas,415.771
25/7/2021 12:00,Max,NEM,Hydro,629.565
25/7/2021 12:00,Max,NEM,Liquid Fuel,0
25/7/2021 12:00,Max,NEM,Utility-scale Solar,2366.788
25/7/2021 12:00,Max,NEM,Wind,5299.138
22/8/2021 13:00,Max,NEM,Battery,0.02
22/8/2021 13:00,Max,NEM,Biomass,13.1
22/8/2021 13:00,Max,NEM,Black coal,7007.753
22/8/2021 13:00,Max,NEM,Brown coal,2399.152
22/8/2021 13:00,Max,NEM,Distributed PV,7241.478
22/8/2021 13:00,Max,NEM,Gas,429.742
22/8/2021 13:00,Max,NEM,Hydro,506.573
22/8/2021 13:00,Max,NEM,Liquid Fuel,0
22/8/2021 13:00,Max,NEM,Utility-scale Solar,2039.585
22/8/2021 13:00,Max,NEM,Wind,2916.822
27/8/2021 3:30,Min,NEM,Battery,0.053
27/8/2021 3:30,Min,NEM,Biomass,54.133
27/8/2021 3:30,Min,NEM,Black coal,11752.81
27/8/2021 3:30,Min,NEM,Brown coal,3748.974
27/8/2021 3:30,Min,NEM,Distributed PV,0
27/8/2021 3:30,Min,NEM,Gas,1610.161
27/8/2021 3:30,Min,NEM,Hydro,1784.013
27/8/2021 3:30,Min,NEM,Liquid Fuel,0
27/8/2021 3:30,Min,NEM,Utility-scale Solar,0.035
27/8/2021 3:30,Min,NEM,Wind,808.845
1/9/2021 2:30,Min,NEM,Battery,0.933
1/9/2021 2:30,Min,NEM,Biomass,9.466
1/9/2021 2:30,Min,NEM,Black coal,11518.875
1/9/2021 2:30,Min,NEM,Brown coal,3749.765
1/9/2021 2:30,Min,NEM,Distributed PV,0
1/9/2021 2:30,Min,NEM,Gas,1177.264
1/9/2021 2:30,Min,NEM,Hydro,1482.924
1/9/2021 2:30,Min,NEM,Liquid Fuel,0
1/9/2021 2:30,Min,NEM,Utility-scale Solar,0.013
1/9/2021 2:30,Min,NEM,Wind,1246.069
24/9/2021 13:30,Max,NEM,Battery,0.032
24/9/2021 13:30,Max,NEM,Biomass,22.216
24/9/2021 13:30,Max,NEM,Black coal,6986.738
24/9/2021 13:30,Max,NEM,Brown coal,2056.838
24/9/2021 13:30,Max,NEM,Distributed PV,7534.548
24/9/2021 13:30,Max,NEM,Gas,344.198
24/9/2021 13:30,Max,NEM,Hydro,522.774
24/9/2021 13:30,Max,NEM,Liquid Fuel,0
24/9/2021 13:30,Max,NEM,Utility-scale Solar,2949.421
24/9/2021 13:30,Max,NEM,Wind,3961.535
5/10/2021 12:30,Max,NEM,Battery,2.235
5/10/2021 12:30,Max,NEM,Biomass,15.733
5/10/2021 12:30,Max,NEM,Black coal,7187.322
5/10/2021 12:30,Max,NEM,Brown coal,2752.512
5/10/2021 12:30,Max,NEM,Distributed PV,8149.256
5/10/2021 12:30,Max,NEM,Gas,439.145
5/10/2021 12:30,Max,NEM,Hydro,608.612
5/10/2021 12:30,Max,NEM,Liquid Fuel,0
5/10/2021 12:30,Max,NEM,Utility-scale Solar,2808.923
5/10/2021 12:30,Max,NEM,Wind,3831.746
8/10/2021 0:00,Min,NEM,Battery,19.969
8/10/2021 0:00,Min,NEM,Biomass,11.666
8/10/2021 0:00,Min,NEM,Black coal,12076.125
8/10/2021 0:00,Min,NEM,Brown coal,4226.03
8/10/2021 0:00,Min,NEM,Distributed PV,0
8/10/2021 0:00,Min,NEM,Gas,1194.32
8/10/2021 0:00,Min,NEM,Hydro,1745.771
8/10/2021 0:00,Min,NEM,Liquid Fuel,0
8/10/2021 0:00,Min,NEM,Utility-scale Solar,0.069
8/10/2021 0:00,Min,NEM,Wind,1232.612
9/11/2021 3:30,Min,NEM,Battery,5.297
9/11/2021 3:30,Min,NEM,Biomass,36.55
9/11/2021 3:30,Min,NEM,Black coal,10607.804
9/11/2021 3:30,Min,NEM,Brown coal,3760.832
9/11/2021 3:30,Min,NEM,Distributed PV,0
9/11/2021 3:30,Min,NEM,Gas,1041.953
9/11/2021 3:30,Min,NEM,Hydro,1849.073
9/11/2021 3:30,Min,NEM,Liquid Fuel,0
9/11/2021 3:30,Min,NEM,Utility-scale Solar,0.066
9/11/2021 3:30,Min,NEM,Wind,968.366
15/11/2021 11:30,Max,NEM,Battery,1.343
15/11/2021 11:30,Max,NEM,Biomass,0
15/11/2021 11:30,Max,NEM,Black coal,7416.277
15/11/2021 11:30,Max,NEM,Brown coal,2373.529
15/11/2021 11:30,Max,NEM,Distributed PV,8618.066
15/11/2021 11:30,Max,NEM,Gas,407.517
15/11/2021 11:30,Max,NEM,Hydro,529.081
15/11/2021 11:30,Max,NEM,Liquid Fuel,0
15/11/2021 11:30,Max,NEM,Utility-scale Solar,2841.497
15/11/2021 11:30,Max,NEM,Wind,4545.094
15/12/2021 5:00,Min,NEM,Battery,23.626
15/12/2021 5:00,Min,NEM,Biomass,39.133
15/12/2021 5:00,Min,NEM,Black coal,11072.913
15/12/2021 5:00,Min,NEM,Brown coal,4330.693
15/12/2021 5:00,Min,NEM,Distributed PV,18.477
15/12/2021 5:00,Min,NEM,Gas,639.814
15/12/2021 5:00,Min,NEM,Hydro,1570.7
15/12/2021 5:00,Min,NEM,Liquid Fuel,0
15/12/2021 5:00,Min,NEM,Utility-scale Solar,1.426
15/12/2021 5:00,Min,NEM,Wind,1309.965
31/12/2021 11:00,Max,NEM,Battery,7.011
31/12/2021 11:00,Max,NEM,Biomass,0
31/12/2021 11:00,Max,NEM,Black coal,8000.227
31/12/2021 11:00,Max,NEM,Brown coal,3014.234
31/12/2021 11:00,Max,NEM,Distributed PV,8259.773
31/12/2021 11:00,Max,NEM,Gas,283.335
31/12/2021 11:00,Max,NEM,Hydro,622.163
31/12/2021 11:00,Max,NEM,Liquid Fuel,0
31/12/2021 11:00,Max,NEM,Utility-scale Solar,4291.381
31/12/2021 11:00,Max,NEM,Wind,3180.704
3/1/2022 11:00,Max,NEM,Battery,25.221
3/1/2022 11:00,Max,NEM,Biomass,0
3/1/2022 11:00,Max,NEM,Black coal,7914.262
3/1/2022 11:00,Max,NEM,Brown coal,2671.89
3/1/2022 11:00,Max,NEM,Distributed PV,8607.994
3/1/2022 11:00,Max,NEM,Gas,250.122
3/1/2022 11:00,Max,NEM,Hydro,680.154
3/1/2022 11:00,Max,NEM,Liquid Fuel,0
3/1/2022 11:00,Max,NEM,Utility-scale Solar,3707.589
3/1/2022 11:00,Max,NEM,Wind,1730.412
25/1/2022 5:00,Min,NEM,Battery,16.376
25/1/2022 5:00,Min,NEM,Biomass,29.833
25/1/2022 5:00,Min,NEM,Black coal,11890.533
25/1/2022 5:00,Min,NEM,Brown coal,4487.807
25/1/2022 5:00,Min,NEM,Distributed PV,0
25/1/2022 5:00,Min,NEM,Gas,1734.583
25/1/2022 5:00,Min,NEM,Hydro,1550.856
25/1/2022 5:00,Min,NEM,Liquid Fuel,0
25/1/2022 5:00,Min,NEM,Utility-scale Solar,0.099
25/1/2022 5:00,Min,NEM,Wind,1105.669
6/2/2022 12:30,Max,NEM,Battery,4.009
6/2/2022 12:30,Max,NEM,Biomass,28.266
6/2/2022 12:30,Max,NEM,Black coal,7082.875
6/2/2022 12:30,Max,NEM,Brown coal,2204.155
6/2/2022 12:30,Max,NEM,Distributed PV,7916.817
6/2/2022 12:30,Max,NEM,Gas,270.778
6/2/2022 12:30,Max,NEM,Hydro,722.602
6/2/2022 12:30,Max,NEM,Liquid Fuel,0
6/2/2022 12:30,Max,NEM,Utility-scale Solar,4102.925
6/2/2022 12:30,Max,NEM,Wind,2446.911
20/2/2022 4:30,Min,NEM,Battery,5.991
20/2/2022 4:30,Min,NEM,Biomass,0
20/2/2022 4:30,Min,NEM,Black coal,10222.085
20/2/2022 4:30,Min,NEM,Brown coal,3978.512
20/2/2022 4:30,Min,NEM,Distributed PV,0
20/2/2022 4:30,Min,NEM,Gas,1263.711
20/2/2022 4:30,Min,NEM,Hydro,1469.634
20/2/2022 4:30,Min,NEM,Liquid Fuel,0
20/2/2022 4:30,Min,NEM,Utility-scale Solar,0.2
20/2/2022 4:30,Min,NEM,Wind,1027.211
21/3/2022 23:00,Min,NEM,Battery,23.163
21/3/2022 23:00,Min,NEM,Biomass,0
21/3/2022 23:00,Min,NEM,Black coal,11781.064
21/3/2022 23:00,Min,NEM,Brown coal,4199.193
21/3/2022 23:00,Min,NEM,Distributed PV,0
21/3/2022 23:00,Min,NEM,Gas,2699.409
21/3/2022 23:00,Min,NEM,Hydro,1572.539
21/3/2022 23:00,Min,NEM,Liquid Fuel,0.045
21/3/2022 23:00,Min,NEM,Utility-scale Solar,0
21/3/2022 23:00,Min,NEM,Wind,899.935
31/3/2022 12:00,Max,NEM,Battery,25.738
31/3/2022 12:00,Max,NEM,Biomass,0
31/3/2022 12:00,Max,NEM,Black coal,8646.076
31/3/2022 12:00,Max,NEM,Brown coal,2513.851
31/3/2022 12:00,Max,NEM,Distributed PV,6339.484
31/3/2022 12:00,Max,NEM,Gas,812.004
31/3/2022 12:00,Max,NEM,Hydro,948.284
31/3/2022 12:00,Max,NEM,Liquid Fuel,0.008
31/3/2022 12:00,Max,NEM,Utility-scale Solar,3471.849
31/3/2022 12:00,Max,NEM,Wind,4229.487
17/4/2022 11:30,Max,NEM,Battery,8.225
17/4/2022 11:30,Max,NEM,Biomass,0
17/4/2022 11:30,Max,NEM,Black coal,7138.666
17/4/2022 11:30,Max,NEM,Brown coal,2099.68
17/4/2022 11:30,Max,NEM,Distributed PV,6939.105
17/4/2022 11:30,Max,NEM,Gas,237.254
17/4/2022 11:30,Max,NEM,Hydro,397.192
17/4/2022 11:30,Max,NEM,Liquid Fuel,0.045
17/4/2022 11:30,Max,NEM,Utility-scale Solar,3445.092
17/4/2022 11:30,Max,NEM,Wind,2666.37
19/4/2022 1:00,Min,NEM,Battery,10.194
19/4/2022 1:00,Min,NEM,Biomass,0
19/4/2022 1:00,Min,NEM,Black coal,10230.26
19/4/2022 1:00,Min,NEM,Brown coal,3854.495
19/4/2022 1:00,Min,NEM,Distributed PV,0
19/4/2022 1:00,Min,NEM,Gas,2529.582
19/4/2022 1:00,Min,NEM,Hydro,1427.029
19/4/2022 1:00,Min,NEM,Liquid Fuel,0
19/4/2022 1:00,Min,NEM,Utility-scale Solar,0.173
19/4/2022 1:00,Min,NEM,Wind,1023.37
3/5/2022 12:00,Max,NEM,Battery,0.028
3/5/2022 12:00,Max,NEM,Biomass,0
3/5/2022 12:00,Max,NEM,Black coal,7838.259
3/5/2022 12:00,Max,NEM,Brown coal,2638.306
3/5/2022 12:00,Max,NEM,Distributed PV,7094.785
3/5/2022 12:00,Max,NEM,Gas,639.358
3/5/2022 12:00,Max,NEM,Hydro,542.587
3/5/2022 12:00,Max,NEM,Liquid Fuel,6.308
3/5/2022 12:00,Max,NEM,Utility-scale Solar,3531.103
3/5/2022 12:00,Max,NEM,Wind,2851.496
13/5/2022 4:00,Min,NEM,Battery,14.488
13/5/2022 4:00,Min,NEM,Biomass,0
13/5/2022 4:00,Min,NEM,Black coal,9554.65
13/5/2022 4:00,Min,NEM,Brown coal,3933.197
13/5/2022 4:00,Min,NEM,Distributed PV,0
13/5/2022 4:00,Min,NEM,Gas,2357.941
13/5/2022 4:00,Min,NEM,Hydro,1826.519
13/5/2022 4:00,Min,NEM,Liquid Fuel,93.949
13/5/2022 4:00,Min,NEM,Utility-scale Solar,0.138
13/5/2022 4:00,Min,NEM,Wind,1040.783
16/6/2022 23:00,Min,NEM,Battery,1.014
16/6/2022 23:00,Min,NEM,Biomass,0
16/6/2022 23:00,Min,NEM,Black coal,11614.216
16/6/2022 23:00,Min,NEM,Brown coal,3880.091
16/6/2022 23:00,Min,NEM,Distributed PV,0
16/6/2022 23:00,Min,NEM,Gas,4400.698
16/6/2022 23:00,Min,NEM,Hydro,2771.097
16/6/2022 23:00,Min,NEM,Liquid Fuel,122.867
16/6/2022 23:00,Min,NEM,Utility-scale Solar,0.21
16/6/2022 23:00,Min,NEM,Wind,1213.608
25/6/2022 12:00,Max,NEM,Battery,0.23
25/6/2022 12:00,Max,NEM,Biomass,6.7
25/6/2022 12:00,Max,NEM,Black coal,7679.899
25/6/2022 12:00,Max,NEM,Brown coal,2901.733
25/6/2022 12:00,Max,NEM,Distributed PV,6151.042
25/6/2022 12:00,Max,NEM,Gas,416.775
25/6/2022 12:00,Max,NEM,Hydro,993.489
25/6/2022 12:00,Max,NEM,Liquid Fuel,0
25/6/2022 12:00,Max,NEM,Utility-scale Solar,2809.374
25/6/2022 12:00,Max,NEM,Wind,4010.144
23/7/2022 23:00,Min,NEM,Battery,8.151
23/7/2022 23:00,Min,NEM,Biomass,8.85
23/7/2022 23:00,Min,NEM,Black coal,12824.045
23/7/2022 23:00,Min,NEM,Brown coal,4259.974
23/7/2022 23:00,Min,NEM,Distributed PV,0
23/7/2022 23:00,Min,NEM,Gas,3001.868
23/7/2022 23:00,Min,NEM,Hydro,1658.528
23/7/2022 23:00,Min,NEM,Liquid Fuel,31.75
23/7/2022 23:00,Min,NEM,Utility-scale Solar,0.183
23/7/2022 23:00,Min,NEM,Wind,1864.708
30/7/2022 11:30,Max,NEM,Battery,35.446
30/7/2022 11:30,Max,NEM,Biomass,15.116
30/7/2022 11:30,Max,NEM,Black coal,8269.927
30/7/2022 11:30,Max,NEM,Brown coal,2885.893
30/7/2022 11:30,Max,NEM,Distributed PV,6824.102
30/7/2022 11:30,Max,NEM,Gas,270.35
30/7/2022 11:30,Max,NEM,Hydro,997.668
30/7/2022 11:30,Max,NEM,Liquid Fuel,0
30/7/2022 11:30,Max,NEM,Utility-scale Solar,3731.891
30/7/2022 11:30,Max,NEM,Wind,4093.954
7/8/2022 23:30,Min,NEM,Battery,15.387
7/8/2022 23:30,Min,NEM,Biomass,44.9
7/8/2022 23:30,Min,NEM,Black coal,12002.782
7/8/2022 23:30,Min,NEM,Brown coal,3956.543
7/8/2022 23:30,Min,NEM,Distributed PV,0
7/8/2022 23:30,Min,NEM,Gas,3411.697
7/8/2022 23:30,Min,NEM,Hydro,2304.909
7/8/2022 23:30,Min,NEM,Liquid Fuel,0
7/8/2022 23:30,Min,NEM,Utility-scale Solar,-0.118
7/8/2022 23:30,Min,NEM,Wind,784.857
19/8/2022 13:00,Max,NEM,Battery,0.715
19/8/2022 13:00,Max,NEM,Biomass,17.983
19/8/2022 13:00,Max,NEM,Black coal,8004.94
19/8/2022 13:00,Max,NEM,Brown coal,2102.283
19/8/2022 13:00,Max,NEM,Distributed PV,7660.601
19/8/2022 13:00,Max,NEM,Gas,387.007
19/8/2022 13:00,Max,NEM,Hydro,696.442
19/8/2022 13:00,Max,NEM,Liquid Fuel,0
19/8/2022 13:00,Max,NEM,Utility-scale Solar,2787.684
19/8/2022 13:00,Max,NEM,Wind,4461.818
18/9/2022 11:30,Max,NEM,Battery,16.099
18/9/2022 11:30,Max,NEM,Biomass,16.733
18/9/2022 11:30,Max,NEM,Black coal,6552.007
18/9/2022 11:30,Max,NEM,Brown coal,2110.432
18/9/2022 11:30,Max,NEM,Distributed PV,8032.431
18/9/2022 11:30,Max,NEM,Gas,222.353
18/9/2022 11:30,Max,NEM,Hydro,594.389
18/9/2022 11:30,Max,NEM,Liquid Fuel,0
18/9/2022 11:30,Max,NEM,Utility-scale Solar,2694.329
18/9/2022 11:30,Max,NEM,Wind,4544.137
23/9/2022 4:30,Min,NEM,Battery,4.947
23/9/2022 4:30,Min,NEM,Biomass,42.45
23/9/2022 4:30,Min,NEM,Black coal,9544.054
23/9/2022 4:30,Min,NEM,Brown coal,4251.505
23/9/2022 4:30,Min,NEM,Distributed PV,0
23/9/2022 4:30,Min,NEM,Gas,1352.916
23/9/2022 4:30,Min,NEM,Hydro,1458.574
23/9/2022 4:30,Min,NEM,Liquid Fuel,0
23/9/2022 4:30,Min,NEM,Utility-scale Solar,0.052
23/9/2022 4:30,Min,NEM,Wind,933.39
16/10/2022 4:00,Min,NEM,Battery,8.456
16/10/2022 4:00,Min,NEM,Biomass,35.283
16/10/2022 4:00,Min,NEM,Black coal,10058.875
16/10/2022 4:00,Min,NEM,Brown coal,3836.209
16/10/2022 4:00,Min,NEM,Distributed PV,0
16/10/2022 4:00,Min,NEM,Gas,1178.536
16/10/2022 4:00,Min,NEM,Hydro,1372.833
16/10/2022 4:00,Min,NEM,Liquid Fuel,0
16/10/2022 4:00,Min,NEM,Utility-scale Solar,-0.155
16/10/2022 4:00,Min,NEM,Wind,926.053
28/10/2022 12:30,Max,NEM,Battery,9.327
28/10/2022 12:30,Max,NEM,Biomass,-4.95
28/10/2022 12:30,Max,NEM,Black coal,6115.905
28/10/2022 12:30,Max,NEM,Brown coal,2088.697
28/10/2022 12:30,Max,NEM,Distributed PV,9454.837
28/10/2022 12:30,Max,NEM,Gas,401.346
28/10/2022 12:30,Max,NEM,Hydro,1058.972
28/10/2022 12:30,Max,NEM,Liquid Fuel,-0.033
28/10/2022 12:30,Max,NEM,Utility-scale Solar,3696.527
28/10/2022 12:30,Max,NEM,Wind,4667.751
21/11/2022 11:00,Max,NEM,Battery,26.385
21/11/2022 11:00,Max,NEM,Biomass,54.183
21/11/2022 11:00,Max,NEM,Black coal,6506.237
21/11/2022 11:00,Max,NEM,Brown coal,2364.602
21/11/2022 11:00,Max,NEM,Distributed PV,9187.347
21/11/2022 11:00,Max,NEM,Gas,260.855
21/11/2022 11:00,Max,NEM,Hydro,948.247
21/11/2022 11:00,Max,NEM,Liquid Fuel,11.89
21/11/2022 11:00,Max,NEM,Utility-scale Solar,3501.089
21/11/2022 11:00,Max,NEM,Wind,5331.187
24/11/2022 1:30,Min,NEM,Battery,18.888
24/11/2022 1:30,Min,NEM,Biomass,41.867
24/11/2022 1:30,Min,NEM,Black coal,10896.933
24/11/2022 1:30,Min,NEM,Brown coal,2945.061
24/11/2022 1:30,Min,NEM,Distributed PV,0
24/11/2022 1:30,Min,NEM,Gas,1121.15
24/11/2022 1:30,Min,NEM,Hydro,2206.168
24/11/2022 1:30,Min,NEM,Liquid Fuel,17.546
24/11/2022 1:30,Min,NEM,Utility-scale Solar,0.042
24/11/2022 1:30,Min,NEM,Wind,1595.781
14/12/2022 11:00,Max,NEM,Battery,10.762
14/12/2022 11:00,Max,NEM,Biomass,51.333
14/12/2022 11:00,Max,NEM,Black coal,6385.522
14/12/2022 11:00,Max,NEM,Brown coal,2798.029
14/12/2022 11:00,Max,NEM,Distributed PV,9683.328
14/12/2022 11:00,Max,NEM,Gas,252.98
14/12/2022 11:00,Max,NEM,Hydro,553.943
14/12/2022 11:00,Max,NEM,Liquid Fuel,0.127
14/12/2022 11:00,Max,NEM,Utility-scale Solar,3841.805
14/12/2022 11:00,Max,NEM,Wind,4446.393
25/12/2022 4:00,Min,NEM,Battery,0.327
25/12/2022 4:00,Min,NEM,Biomass,28.383
25/12/2022 4:00,Min,NEM,Black coal,9215.512
25/12/2022 4:00,Min,NEM,Brown coal,4061.315
25/12/2022 4:00,Min,NEM,Distributed PV,0
25/12/2022 4:00,Min,NEM,Gas,570.72
25/12/2022 4:00,Min,NEM,Hydro,1160.502
25/12/2022 4:00,Min,NEM,Liquid Fuel,-0.083
25/12/2022 4:00,Min,NEM,Utility-scale Solar,0.061
25/12/2022 4:00,Min,NEM,Wind,1506.933
9/1/2023 12:30,Max,NEM,Battery,2.98
9/1/2023 12:30,Max,NEM,Biomass,-2.4
9/1/2023 12:30,Max,NEM,Black coal,7367.489
9/1/2023 12:30,Max,NEM,Brown coal,3120.148
9/1/2023 12:30,Max,NEM,Distributed PV,11021.365
9/1/2023 12:30,Max,NEM,Gas,255.065
9/1/2023 12:30,Max,NEM,Hydro,766.635
9/1/2023 12:30,Max,NEM,Liquid Fuel,0
9/1/2023 12:30,Max,NEM,Utility-scale Solar,5213.587
9/1/2023 12:30,Max,NEM,Wind,2095.402
12/1/2023 3:30,Min,NEM,Battery,10.849
12/1/2023 3:30,Min,NEM,Biomass,18
12/1/2023 3:30,Min,NEM,Black coal,10490.185
12/1/2023 3:30,Min,NEM,Brown coal,4217.387
12/1/2023 3:30,Min,NEM,Distributed PV,0
12/1/2023 3:30,Min,NEM,Gas,1295.86
12/1/2023 3:30,Min,NEM,Hydro,1776.198
12/1/2023 3:30,Min,NEM,Liquid Fuel,0
12/1/2023 3:30,Min,NEM,Utility-scale Solar,0.068
12/1/2023 3:30,Min,NEM,Wind,896.778
11/2/2023 13:30,Max,NEM,Battery,7.431
11/2/2023 13:30,Max,NEM,Biomass,-0.7
11/2/2023 13:30,Max,NEM,Black coal,8026.736
11/2/2023 13:30,Max,NEM,Brown coal,2275.818
11/2/2023 13:30,Max,NEM,Distributed PV,11409.067
11/2/2023 13:30,Max,NEM,Gas,265.233
11/2/2023 13:30,Max,NEM,Hydro,549.229
11/2/2023 13:30,Max,NEM,Liquid Fuel,0
11/2/2023 13:30,Max,NEM,Utility-scale Solar,4774.64
11/2/2023 13:30,Max,NEM,Wind,3152.949
19/2/2023 5:30,Min,NEM,Battery,8.325
19/2/2023 5:30,Min,NEM,Biomass,15.567
19/2/2023 5:30,Min,NEM,Black coal,10815.199
19/2/2023 5:30,Min,NEM,Brown coal,4386.578
19/2/2023 5:30,Min,NEM,Distributed PV,0
19/2/2023 5:30,Min,NEM,Gas,765.78
19/2/2023 5:30,Min,NEM,Hydro,944.978
19/2/2023 5:30,Min,NEM,Liquid Fuel,-0.05
19/2/2023 5:30,Min,NEM,Utility-scale Solar,0.068
19/2/2023 5:30,Min,NEM,Wind,1654.795
5/3/2023 12:00,Max,NEM,Battery,10.286
5/3/2023 12:00,Max,NEM,Biomass,-1
5/3/2023 12:00,Max,NEM,Black coal,6603.179
5/3/2023 12:00,Max,NEM,Brown coal,2372.981
5/3/2023 12:00,Max,NEM,Distributed PV,9757.927
5/3/2023 12:00,Max,NEM,Gas,253.78
5/3/2023 12:00,Max,NEM,Hydro,561.698
5/3/2023 12:00,Max,NEM,Liquid Fuel,0
5/3/2023 12:00,Max,NEM,Utility-scale Solar,4148.873
5/3/2023 12:00,Max,NEM,Wind,3293.71
28/3/2023 3:30,Min,NEM,Battery,3.442
28/3/2023 3:30,Min,NEM,Biomass,-0.2
28/3/2023 3:30,Min,NEM,Black coal,10623.692
28/3/2023 3:30,Min,NEM,Brown coal,3539.732
28/3/2023 3:30,Min,NEM,Distributed PV,0
28/3/2023 3:30,Min,NEM,Gas,2020.486
28/3/2023 3:30,Min,NEM,Hydro,1750.57
28/3/2023 3:30,Min,NEM,Liquid Fuel,-0.1
28/3/2023 3:30,Min,NEM,Utility-scale Solar,0.216
28/3/2023 3:30,Min,NEM,Wind,903.955
16/4/2023 11:30,Max,NEM,Battery,0.788
16/4/2023 11:30,Max,NEM,Biomass,-0.5
16/4/2023 11:30,Max,NEM,Black coal,5534.653
16/4/2023 11:30,Max,NEM,Brown coal,2219.871
16/4/2023 11:30,Max,NEM,Distributed PV,7007.29
16/4/2023 11:30,Max,NEM,Gas,358.674
16/4/2023 11:30,Max,NEM,Hydro,771.671
16/4/2023 11:30,Max,NEM,Liquid Fuel,-0.1
16/4/2023 11:30,Max,NEM,Utility-scale Solar,3792.271
16/4/2023 11:30,Max,NEM,Wind,3902.796
30/4/2023 23:30,Min,NEM,Battery,27.412
30/4/2023 23:30,Min,NEM,Biomass,-0.4
30/4/2023 23:30,Min,NEM,Black coal,10290.225
30/4/2023 23:30,Min,NEM,Brown coal,4179.859
30/4/2023 23:30,Min,NEM,Distributed PV,0
30/4/2023 23:30,Min,NEM,Gas,2907.276
30/4/2023 23:30,Min,NEM,Hydro,2739.638
30/4/2023 23:30,Min,NEM,Liquid Fuel,-0.067
30/4/2023 23:30,Min,NEM,Utility-scale Solar,-0.202
30/4/2023 23:30,Min,NEM,Wind,585.391
3/5/2023 13:00,Max,NEM,Battery,2.723
3/5/2023 13:00,Max,NEM,Biomass,-0.783
3/5/2023 13:00,Max,NEM,Black coal,5820.271
3/5/2023 13:00,Max,NEM,Brown coal,2917.736
3/5/2023 13:00,Max,NEM,Distributed PV,8175.923
3/5/2023 13:00,Max,NEM,Gas,272.289
3/5/2023 13:00,Max,NEM,Hydro,747.54
3/5/2023 13:00,Max,NEM,Liquid Fuel,0
3/5/2023 13:00,Max,NEM,Utility-scale Solar,3178.248
3/5/2023 13:00,Max,NEM,Wind,5717.55
19/5/2023 4:30,Min,NEM,Battery,7.83
19/5/2023 4:30,Min,NEM,Biomass,-0.4
19/5/2023 4:30,Min,NEM,Black coal,11089.218
19/5/2023 4:30,Min,NEM,Brown coal,4648.705
19/5/2023 4:30,Min,NEM,Distributed PV,0
19/5/2023 4:30,Min,NEM,Gas,1603.228
19/5/2023 4:30,Min,NEM,Hydro,1389.065
19/5/2023 4:30,Min,NEM,Liquid Fuel,1.167
19/5/2023 4:30,Min,NEM,Utility-scale Solar,0.285
19/5/2023 4:30,Min,NEM,Wind,1412.652
2/6/2023 4:00,Min,NEM,Battery,13.573
2/6/2023 4:00,Min,NEM,Biomass,14.4
2/6/2023 4:00,Min,NEM,Black coal,10950.532
2/6/2023 4:00,Min,NEM,Brown coal,4235.44
2/6/2023 4:00,Min,NEM,Distributed PV,0
2/6/2023 4:00,Min,NEM,Gas,1141.997
2/6/2023 4:00,Min,NEM,Hydro,1852.467
2/6/2023 4:00,Min,NEM,Liquid Fuel,-0.033
2/6/2023 4:00,Min,NEM,Utility-scale Solar,0.952
2/6/2023 4:00,Min,NEM,Wind,1388.107
24/6/2023 11:30,Max,NEM,Battery,5.058
24/6/2023 11:30,Max,NEM,Biomass,36.733
24/6/2023 11:30,Max,NEM,Black coal,6109.835
24/6/2023 11:30,Max,NEM,Brown coal,2720.771
24/6/2023 11:30,Max,NEM,Distributed PV,7329.547
24/6/2023 11:30,Max,NEM,Gas,289.645
24/6/2023 11:30,Max,NEM,Hydro,915.01
24/6/2023 11:30,Max,NEM,Liquid Fuel,-0.1
24/6/2023 11:30,Max,NEM,Utility-scale Solar,4091.777
24/6/2023 11:30,Max,NEM,Wind,4961.347
4/7/2023 5:30,Min,NEM,Battery,8.841
4/7/2023 5:30,Min,NEM,Biomass,9.133
4/7/2023 5:30,Min,NEM,Black coal,11487.72
4/7/2023 5:30,Min,NEM,Brown coal,4234.346
4/7/2023 5:30,Min,NEM,Distributed PV,0
4/7/2023 5:30,Min,NEM,Gas,1422.987
4/7/2023 5:30,Min,NEM,Hydro,2199.612
4/7/2023 5:30,Min,NEM,Liquid Fuel,-0.083
4/7/2023 5:30,Min,NEM,Utility-scale Solar,0.15
4/7/2023 5:30,Min,NEM,Wind,1704.839
31/7/2023 13:00,Max,NEM,Battery,2.129
31/7/2023 13:00,Max,NEM,Biomass,8.3
31/7/2023 13:00,Max,NEM,Black coal,6052.774
31/7/2023 13:00,Max,NEM,Brown coal,2863.759
31/7/2023 13:00,Max,NEM,Distributed PV,7565.05
31/7/2023 13:00,Max,NEM,Gas,331.591
31/7/2023 13:00,Max,NEM,Hydro,1046.498
31/7/2023 13:00,Max,NEM,Liquid Fuel,-0.1
31/7/2023 13:00,Max,NEM,Utility-scale Solar,4334.678
31/7/2023 13:00,Max,NEM,Wind,4479.161
14/8/2023 4:00,Min,NEM,Battery,1.923
14/8/2023 4:00,Min,NEM,Biomass,68.432
14/8/2023 4:00,Min,NEM,Black coal,10193.169
14/8/2023 4:00,Min,NEM,Brown coal,4459.649
14/8/2023 4:00,Min,NEM,Distributed PV,0
14/8/2023 4:00,Min,NEM,Gas,1117.758
14/8/2023 4:00,Min,NEM,Hydro,2406.564
14/8/2023 4:00,Min,NEM,Liquid Fuel,95.34
14/8/2023 4:00,Min,NEM,Utility-scale Solar,0.083
14/8/2023 4:00,Min,NEM,Wind,903.903
29/8/2023 12:30,Max,NEM,Battery,6.785
29/8/2023 12:30,Max,NEM,Biomass,68.378
29/8/2023 12:30,Max,NEM,Black coal,5946.928
29/8/2023 12:30,Max,NEM,Brown coal,2614.283
29/8/2023 12:30,Max,NEM,Distributed PV,8591.681
29/8/2023 12:30,Max,NEM,Gas,258.701
29/8/2023 12:30,Max,NEM,Hydro,667.194
29/8/2023 12:30,Max,NEM,Liquid Fuel,0
29/8/2023 12:30,Max,NEM,Utility-scale Solar,5162.186
29/8/2023 12:30,Max,NEM,Wind,3391.69
1/9/2023 21:00,Min,NEM,Battery,17.601
1/9/2023 21:00,Min,NEM,Biomass,65.609
1/9/2023 21:00,Min,NEM,Black coal,12418.181
1/9/2023 21:00,Min,NEM,Brown coal,4014.7
1/9/2023 21:00,Min,NEM,Distributed PV,0
1/9/2023 21:00,Min,NEM,Gas,4375.222
1/9/2023 21:00,Min,NEM,Hydro,3243.269
1/9/2023 21:00,Min,NEM,Liquid Fuel,35.442
1/9/2023 21:00,Min,NEM,Utility-scale Solar,0.853
1/9/2023 21:00,Min,NEM,Wind,1083.873
21/9/2023 12:30,Max,NEM,Battery,28.15
21/9/2023 12:30,Max,NEM,Biomass,49.278
21/9/2023 12:30,Max,NEM,Black coal,5426.243
21/9/2023 12:30,Max,NEM,Brown coal,2394.595
21/9/2023 12:30,Max,NEM,Distributed PV,10481.051
21/9/2023 12:30,Max,NEM,Gas,247.481
21/9/2023 12:30,Max,NEM,Hydro,1020.09
21/9/2023 12:30,Max,NEM,Liquid Fuel,0
21/9/2023 12:30,Max,NEM,Utility-scale Solar,5064.893
21/9/2023 12:30,Max,NEM,Wind,2142.271
24/10/2023 13:00,Max,NEM,Battery,9.029
24/10/2023 13:00,Max,NEM,Biomass,62.199
24/10/2023 13:00,Max,NEM,Black coal,5721.066
24/10/2023 13:00,Max,NEM,Brown coal,1876.946
24/10/2023 13:00,Max,NEM,Distributed PV,11684.666
24/10/2023 13:00,Max,NEM,Gas,252.052
24/10/2023 13:00,Max,NEM,Hydro,445.747
24/10/2023 13:00,Max,NEM,Liquid Fuel,0
24/10/2023 13:00,Max,NEM,Other,22
24/10/2023 13:00,Max,NEM,Utility-scale Solar,4712.733
24/10/2023 13:00,Max,NEM,Wind,3450.707
29/10/2023 3:00,Min,NEM,Battery,27.877
29/10/2023 3:00,Min,NEM,Biomass,70.84
29/10/2023 3:00,Min,NEM,Black coal,9887.816
29/10/2023 3:00,Min,NEM,Brown coal,3791.331
29/10/2023 3:00,Min,NEM,Distributed PV,0
29/10/2023 3:00,Min,NEM,Gas,583.15
29/10/2023 3:00,Min,NEM,Hydro,1805.192
29/10/2023 3:00,Min,NEM,Liquid Fuel,-0.1
29/10/2023 3:00,Min,NEM,Other,22
29/10/2023 3:00,Min,NEM,Utility-scale Solar,0.62
29/10/2023 3:00,Min,NEM,Wind,1579.012
12/11/2023 12:00,Max,NEM,Battery,0.648
12/11/2023 12:00,Max,NEM,Biomass,50.256
12/11/2023 12:00,Max,NEM,Black coal,4873.987
12/11/2023 12:00,Max,NEM,Brown coal,2177.486
12/11/2023 12:00,Max,NEM,Distributed PV,11488.557
12/11/2023 12:00,Max,NEM,Gas,243.161
12/11/2023 12:00,Max,NEM,Hydro,370.854
12/11/2023 12:00,Max,NEM,Liquid Fuel,-0.1
12/11/2023 12:00,Max,NEM,Other,22
12/11/2023 12:00,Max,NEM,Utility-scale Solar,3633.083
12/11/2023 12:00,Max,NEM,Wind,2930.401
25/11/2023 5:00,Min,NEM,Battery,42.911
25/11/2023 5:00,Min,NEM,Biomass,60.754
25/11/2023 5:00,Min,NEM,Black coal,9960.557
25/11/2023 5:00,Min,NEM,Brown coal,3700.431
25/11/2023 5:00,Min,NEM,Distributed PV,5.944
25/11/2023 5:00,Min,NEM,Gas,1143.596
25/11/2023 5:00,Min,NEM,Hydro,1266.976
25/11/2023 5:00,Min,NEM,Liquid Fuel,-0.033
25/11/2023 5:00,Min,NEM,Other,0
25/11/2023 5:00,Min,NEM,Utility-scale Solar,0.809
25/11/2023 5:00,Min,NEM,Wind,1858.173
16/12/2023 10:30,Max,NEM,Battery,5.251
16/12/2023 10:30,Max,NEM,Biomass,37.178
16/12/2023 10:30,Max,NEM,Black coal,6603.808
16/12/2023 10:30,Max,NEM,Brown coal,1640.094
16/12/2023 10:30,Max,NEM,Distributed PV,11312.599
16/12/2023 10:30,Max,NEM,Gas,254.639
16/12/2023 10:30,Max,NEM,Hydro,437.729
16/12/2023 10:30,Max,NEM,Liquid Fuel,-0.067
16/12/2023 10:30,Max,NEM,Other,0
16/12/2023 10:30,Max,NEM,Utility-scale Solar,5055.501
16/12/2023 10:30,Max,NEM,Wind,3368.806
27/12/2023 4:00,Min,NEM,Battery,25.281
27/12/2023 4:00,Min,NEM,Biomass,13.281
27/12/2023 4:00,Min,NEM,Black coal,10564.341
27/12/2023 4:00,Min,NEM,Brown coal,3952.093
27/12/2023 4:00,Min,NEM,Distributed PV,0
27/12/2023 4:00,Min,NEM,Gas,455.438
27/12/2023 4:00,Min,NEM,Hydro,825.723
27/12/2023 4:00,Min,NEM,Liquid Fuel,-0.033
27/12/2023 4:00,Min,NEM,Other,0
27/12/2023 4:00,Min,NEM,Utility-scale Solar,0.701
27/12/2023 4:00,Min,NEM,Wind,1508.557
10/1/2024 3:00,Min,NEM,Battery,9.181
10/1/2024 3:00,Min,NEM,Biomass,26.359
10/1/2024 3:00,Min,NEM,Black coal,11749.532
10/1/2024 3:00,Min,NEM,Brown coal,4013.8
10/1/2024 3:00,Min,NEM,Distributed PV,0
10/1/2024 3:00,Min,NEM,Gas,850.485
10/1/2024 3:00,Min,NEM,Hydro,1513.208
10/1/2024 3:00,Min,NEM,Liquid Fuel,0
10/1/2024 3:00,Min,NEM,Other,0
10/1/2024 3:00,Min,NEM,Utility-scale Solar,0.545
10/1/2024 3:00,Min,NEM,Wind,988.617
14/1/2024 12:30,Max,NEM,Battery,1.517
14/1/2024 12:30,Max,NEM,Biomass,13.523
14/1/2024 12:30,Max,NEM,Black coal,6485.922
14/1/2024 12:30,Max,NEM,Brown coal,2377.215
14/1/2024 12:30,Max,NEM,Distributed PV,10479.316
14/1/2024 12:30,Max,NEM,Gas,302.156
14/1/2024 12:30,Max,NEM,Hydro,383.104
14/1/2024 12:30,Max,NEM,Liquid Fuel,0
14/1/2024 12:30,Max,NEM,Other,14.946
14/1/2024 12:30,Max,NEM,Utility-scale Solar,4844.289
14/1/2024 12:30,Max,NEM,Wind,2187.812
4/2/2024 3:30,Min,NEM,Battery,5.451
4/2/2024 3:30,Min,NEM,Biomass,12.06
4/2/2024 3:30,Min,NEM,Black coal,11180.307
4/2/2024 3:30,Min,NEM,Brown coal,4659.424
4/2/2024 3:30,Min,NEM,Distributed PV,0
4/2/2024 3:30,Min,NEM,Gas,622.713
4/2/2024 3:30,Min,NEM,Hydro,1479.578
4/2/2024 3:30,Min,NEM,Liquid Fuel,0
4/2/2024 3:30,Min,NEM,Other,21.937
4/2/2024 3:30,Min,NEM,Utility-scale Solar,0.741
4/2/2024 3:30,Min,NEM,Wind,1500.636
11/2/2024 13:00,Max,NEM,Battery,19.435
11/2/2024 13:00,Max,NEM,Biomass,14.279
11/2/2024 13:00,Max,NEM,Black coal,6651.4
11/2/2024 13:00,Max,NEM,Brown coal,2532.963
11/2/2024 13:00,Max,NEM,Distributed PV,10525.453
11/2/2024 13:00,Max,NEM,Gas,499.979
11/2/2024 13:00,Max,NEM,Hydro,580.321
11/2/2024 13:00,Max,NEM,Liquid Fuel,0
11/2/2024 13:00,Max,NEM,Other,0
11/2/2024 13:00,Max,NEM,Utility-scale Solar,5931.781
11/2/2024 13:00,Max,NEM,Wind,1323.028
1/3/2024 3:00,Min,NEM,Battery,10.347
1/3/2024 3:00,Min,NEM,Biomass,36.67
1/3/2024 3:00,Min,NEM,Black coal,12016.835
1/3/2024 3:00,Min,NEM,Brown coal,4378.467
1/3/2024 3:00,Min,NEM,Distributed PV,0
1/3/2024 3:00,Min,NEM,Gas,979.836
1/3/2024 3:00,Min,NEM,Hydro,1181.288
1/3/2024 3:00,Min,NEM,Liquid Fuel,-0.067
1/3/2024 3:00,Min,NEM,Other,32.104
1/3/2024 3:00,Min,NEM,Utility-scale Solar,0.126
1/3/2024 3:00,Min,NEM,Wind,1481.32
9/3/2024 12:30,Max,NEM,Battery,3.898
9/3/2024 12:30,Max,NEM,Biomass,11.432
9/3/2024 12:30,Max,NEM,Black coal,6551.65
9/3/2024 12:30,Max,NEM,Brown coal,2408.545
9/3/2024 12:30,Max,NEM,Distributed PV,11357.289
9/3/2024 12:30,Max,NEM,Gas,518.365
9/3/2024 12:30,Max,NEM,Hydro,495.31
9/3/2024 12:30,Max,NEM,Liquid Fuel,0.082
9/3/2024 12:30,Max,NEM,Other,23.863
9/3/2024 12:30,Max,NEM,Utility-scale Solar,5432.758
9/3/2024 12:30,Max,NEM,Wind,4738.101
8/4/2024 4:00,Min,NEM,Battery,12.918
8/4/2024 4:00,Min,NEM,Biomass,30.735
8/4/2024 4:00,Min,NEM,Black coal,10530.943
8/4/2024 4:00,Min,NEM,Brown coal,4525.184
8/4/2024 4:00,Min,NEM,Distributed PV,0
8/4/2024 4:00,Min,NEM,Gas,735.556
8/4/2024 4:00,Min,NEM,Hydro,1105.991
8/4/2024 4:00,Min,NEM,Liquid Fuel,0
8/4/2024 4:00,Min,NEM,Other,27.979
8/4/2024 4:00,Min,NEM,Utility-scale Solar,0.497
8/4/2024 4:00,Min,NEM,Wind,1020.942
23/4/2024 11:00,Max,NEM,Battery,5.66
23/4/2024 11:00,Max,NEM,Biomass,24.665
23/4/2024 11:00,Max,NEM,Black coal,6247.988
23/4/2024 11:00,Max,NEM,Brown coal,2396.986
23/4/2024 11:00,Max,NEM,Distributed PV,9160.232
23/4/2024 11:00,Max,NEM,Gas,212.526
23/4/2024 11:00,Max,NEM,Hydro,668.49
23/4/2024 11:00,Max,NEM,Liquid Fuel,0
23/4/2024 11:00,Max,NEM,Other,28.75
23/4/2024 11:00,Max,NEM,Utility-scale Solar,4315.285
23/4/2024 11:00,Max,NEM,Wind,3972.436
22/5/2024 22:00,Min,NEM,Battery,15.256
22/5/2024 22:00,Min,NEM,Biomass,19.153
22/5/2024 22:00,Min,NEM,Black coal,12918.925
22/5/2024 22:00,Min,NEM,Brown coal,4074.939
22/5/2024 22:00,Min,NEM,Distributed PV,0
22/5/2024 22:00,Min,NEM,Gas,5235.143
22/5/2024 22:00,Min,NEM,Hydro,1365.313
22/5/2024 22:00,Min,NEM,Liquid Fuel,79.973
22/5/2024 22:00,Min,NEM,Other,41.746
22/5/2024 22:00,Min,NEM,Utility-scale Solar,-0.18
22/5/2024 22:00,Min,NEM,Wind,1436.128
29/5/2024 12:30,Max,NEM,Battery,-0.179
29/5/2024 12:30,Max,NEM,Biomass,2.717
29/5/2024 12:30,Max,NEM,Black coal,7035.369
29/5/2024 12:30,Max,NEM,Brown coal,2749.62
29/5/2024 12:30,Max,NEM,Distributed PV,8372.069
29/5/2024 12:30,Max,NEM,Gas,256.207
29/5/2024 12:30,Max,NEM,Hydro,617.38
29/5/2024 12:30,Max,NEM,Liquid Fuel,0
29/5/2024 12:30,Max,NEM,Utility-scale Solar,4089.057
29/5/2024 12:30,Max,NEM,Wind,4366.252
5/6/2024 4:30,Min,NEM,Battery,7.196
5/6/2024 4:30,Min,NEM,Biomass,25.952
5/6/2024 4:30,Min,NEM,Black coal,12395.432
5/6/2024 4:30,Min,NEM,Brown coal,4476.041
5/6/2024 4:30,Min,NEM,Distributed PV,0
5/6/2024 4:30,Min,NEM,Gas,1972.712
5/6/2024 4:30,Min,NEM,Hydro,1016.617
5/6/2024 4:30,Min,NEM,Liquid Fuel,-0.05
5/6/2024 4:30,Min,NEM,Other,0
5/6/2024 4:30,Min,NEM,Utility-scale Solar,0.612
5/6/2024 4:30,Min,NEM,Wind,593.57
16/6/2024 12:00,Max,NEM,Battery,-0.046
16/6/2024 12:00,Max,NEM,Biomass,36.072
16/6/2024 12:00,Max,NEM,Black coal,6962.148
16/6/2024 12:00,Max,NEM,Brown coal,3024.448
16/6/2024 12:00,Max,NEM,Distributed PV,8642.441
16/6/2024 12:00,Max,NEM,Gas,582.729
16/6/2024 12:00,Max,NEM,Hydro,677.317
16/6/2024 12:00,Max,NEM,Liquid Fuel,-0.1
16/6/2024 12:00,Max,NEM,Other,43.929
16/6/2024 12:00,Max,NEM,Utility-scale Solar,4231.202
16/6/2024 12:00,Max,NEM,Wind,2584
12/7/2024 4:00,Min,NEM,Battery,-0.211
12/7/2024 4:00,Min,NEM,Biomass,43.879
12/7/2024 4:00,Min,NEM,Black coal,12494.145
12/7/2024 4:00,Min,NEM,Brown coal,4019.844
12/7/2024 4:00,Min,NEM,Distributed PV,0
12/7/2024 4:00,Min,NEM,Gas,2004.95
12/7/2024 4:00,Min,NEM,Hydro,1141.273
12/7/2024 4:00,Min,NEM,Liquid Fuel,-0.1
12/7/2024 4:00,Min,NEM,Other,45.292
12/7/2024 4:00,Min,NEM,Utility-scale Solar,0.024
12/7/2024 4:00,Min,NEM,Wind,913.279
23/7/2024 12:30,Max,NEM,Battery,2.665
23/7/2024 12:30,Max,NEM,Biomass,45.689
23/7/2024 12:30,Max,NEM,Black coal,6126.765
23/7/2024 12:30,Max,NEM,Brown coal,2624.862
23/7/2024 12:30,Max,NEM,Distributed PV,10196.72
23/7/2024 12:30,Max,NEM,Gas,234.204
23/7/2024 12:30,Max,NEM,Hydro,546.883
23/7/2024 12:30,Max,NEM,Liquid Fuel,-0.067
23/7/2024 12:30,Max,NEM,Other,41.125
23/7/2024 12:30,Max,NEM,Utility-scale Solar,4346.943
23/7/2024 12:30,Max,NEM,Wind,4285.333
5/8/2024 4:00,Min,NEM,Battery,-24.707
5/8/2024 4:00,Min,NEM,Biomass,80.685
5/8/2024 4:00,Min,NEM,Black coal,11196.028
5/8/2024 4:00,Min,NEM,Brown coal,4430.646
5/8/2024 4:00,Min,NEM,Distributed PV,0
5/8/2024 4:00,Min,NEM,Gas,1860.663
5/8/2024 4:00,Min,NEM,Hydro,1282.139
5/8/2024 4:00,Min,NEM,Liquid Fuel,94.03
5/8/2024 4:00,Min,NEM,Other,45.45
5/8/2024 4:00,Min,NEM,Utility-scale Solar,0.162
5/8/2024 4:00,Min,NEM,Wind,1202.435
26/8/2024 12:00,Max,NEM,Battery,-161.05
26/8/2024 12:00,Max,NEM,Biomass,33.847
26/8/2024 12:00,Max,NEM,Black coal,5557.027
26/8/2024 12:00,Max,NEM,Brown coal,2498.7
26/8/2024 12:00,Max,NEM,Distributed PV,10822.039
26/8/2024 12:00,Max,NEM,Gas,240.397
26/8/2024 12:00,Max,NEM,Hydro,454.278
26/8/2024 12:00,Max,NEM,Liquid Fuel,-0.05
26/8/2024 12:00,Max,NEM,Other,44.721
26/8/2024 12:00,Max,NEM,Utility-scale Solar,4315.998
26/8/2024 12:00,Max,NEM,Wind,4212.72
9/9/2024 12:00,Max,NEM,Battery,-145.975
9/9/2024 12:00,Max,NEM,Biomass,76.527
9/9/2024 12:00,Max,NEM,Black coal,5296.366
9/9/2024 12:00,Max,NEM,Brown coal,2245.959
9/9/2024 12:00,Max,NEM,Distributed PV,10834.248
9/9/2024 12:00,Max,NEM,Gas,273.851
9/9/2024 12:00,Max,NEM,Hydro,481.97
9/9/2024 12:00,Max,NEM,Liquid Fuel,-0.05
9/9/2024 12:00,Max,NEM,Utility-scale Solar,5164.819
9/9/2024 12:00,Max,NEM,Wind,3779.7
10/9/2024 4:00,Min,NEM,Battery,-21.154
10/9/2024 4:00,Min,NEM,Biomass,85.414
10/9/2024 4:00,Min,NEM,Black coal,9900.963
10/9/2024 4:00,Min,NEM,Brown coal,4626.317
10/9/2024 4:00,Min,NEM,Distributed PV,0
10/9/2024 4:00,Min,NEM,Gas,786.703
10/9/2024 4:00,Min,NEM,Hydro,1412.158
10/9/2024 4:00,Min,NEM,Liquid Fuel,-0.1
10/9/2024 4:00,Min,NEM,Utility-scale Solar,0.027
10/9/2024 4:00,Min,NEM,Wind,2204.795
23/10/2024 3:00,Min,NEM,Battery,7.002
23/10/2024 3:00,Min,NEM,Biomass,89.969
23/10/2024 3:00,Min,NEM,Black coal,10142.051
23/10/2024 3:00,Min,NEM,Brown coal,3791.432
23/10/2024 3:00,Min,NEM,Distributed PV,0
23/10/2024 3:00,Min,NEM,Gas,680.225
23/10/2024 3:00,Min,NEM,Hydro,2318.537
23/10/2024 3:00,Min,NEM,Liquid Fuel,0
23/10/2024 3:00,Min,NEM,Utility-scale Solar,0.116
23/10/2024 3:00,Min,NEM,Wind,1092.602
30/10/2024 12:30,Max,NEM,Battery,6.3
30/10/2024 12:30,Max,NEM,Biomass,44.747
30/10/2024 12:30,Max,NEM,Black coal,4951.844
30/10/2024 12:30,Max,NEM,Brown coal,1928.794
30/10/2024 12:30,Max,NEM,Distributed PV,14446.308
30/10/2024 12:30,Max,NEM,Gas,259.379
30/10/2024 12:30,Max,NEM,Hydro,917.578
30/10/2024 12:30,Max,NEM,Liquid Fuel,0
30/10/2024 12:30,Max,NEM,Utility-scale Solar,4217.005
30/10/2024 12:30,Max,NEM,Wind,1707.31
6/11/2024 13:00,Max,NEM,Battery,8.332
6/11/2024 13:00,Max,NEM,Biomass,62.737
6/11/2024 13:00,Max,NEM,Black coal,5353.249
6/11/2024 13:00,Max,NEM,Brown coal,1936.328
6/11/2024 13:00,Max,NEM,Distributed PV,13404.844
6/11/2024 13:00,Max,NEM,Gas,307.863
6/11/2024 13:00,Max,NEM,Hydro,417.854
6/11/2024 13:00,Max,NEM,Liquid Fuel,0
6/11/2024 13:00,Max,NEM,Utility-scale Solar,6025.677
6/11/2024 13:00,Max,NEM,Wind,3574.526
24/11/2024 3:30,Min,NEM,Battery,7.201
24/11/2024 3:30,Min,NEM,Biomass,50.518
24/11/2024 3:30,Min,NEM,Black coal,10273.917
24/11/2024 3:30,Min,NEM,Brown coal,3873.635
24/11/2024 3:30,Min,NEM,Distributed PV,0
24/11/2024 3:30,Min,NEM,Gas,1115.033
24/11/2024 3:30,Min,NEM,Hydro,1444.573
24/11/2024 3:30,Min,NEM,Liquid Fuel,0
24/11/2024 3:30,Min,NEM,Utility-scale Solar,0.133
24/11/2024 3:30,Min,NEM,Wind,1639.982
20/12/2024 11:30,Max,NEM,Battery,49.56
20/12/2024 11:30,Max,NEM,Biomass,18.151
20/12/2024 11:30,Max,NEM,Black coal,5796.274
20/12/2024 11:30,Max,NEM,Brown coal,2182.526
20/12/2024 11:30,Max,NEM,Distributed PV,13934.299
20/12/2024 11:30,Max,NEM,Gas,273.056
20/12/2024 11:30,Max,NEM,Hydro,490.255
20/12/2024 11:30,Max,NEM,Liquid Fuel,0
20/12/2024 11:30,Max,NEM,Utility-scale Solar,5918.789
20/12/2024 11:30,Max,NEM,Wind,1976.103
31/12/2024 3:30,Min,NEM,Battery,40.794
31/12/2024 3:30,Min,NEM,Biomass,53.48
31/12/2024 3:30,Min,NEM,Black coal,11508.688
31/12/2024 3:30,Min,NEM,Brown coal,3833.719
31/12/2024 3:30,Min,NEM,Distributed PV,0
31/12/2024 3:30,Min,NEM,Gas,501.074
31/12/2024 3:30,Min,NEM,Hydro,1639.762
31/12/2024 3:30,Min,NEM,Liquid Fuel,0
31/12/2024 3:30,Min,NEM,Utility-scale Solar,0.158
31/12/2024 3:30,Min,NEM,Wind,1309.058
20/1/2025 4:00,Min,NEM,Battery,22.786
20/1/2025 4:00,Min,NEM,Biomass,4.287
20/1/2025 4:00,Min,NEM,Black coal,11272.275
20/1/2025 4:00,Min,NEM,Brown coal,4120.979
20/1/2025 4:00,Min,NEM,Distributed PV,0
20/1/2025 4:00,Min,NEM,Gas,772.374
20/1/2025 4:00,Min,NEM,Hydro,1197.042
20/1/2025 4:00,Min,NEM,Liquid Fuel,0
20/1/2025 4:00,Min,NEM,Utility-scale Solar,0.033
20/1/2025 4:00,Min,NEM,Wind,1651.564
27/1/2025 13:00,Max,NEM,Battery,10.275
27/1/2025 13:00,Max,NEM,Biomass,8.164
27/1/2025 13:00,Max,NEM,Black coal,6992.757
27/1/2025 13:00,Max,NEM,Brown coal,2153.729
27/1/2025 13:00,Max,NEM,Distributed PV,13432.905
27/1/2025 13:00,Max,NEM,Gas,436.859
27/1/2025 13:00,Max,NEM,Hydro,438.041
27/1/2025 13:00,Max,NEM,Liquid Fuel,0
27/1/2025 13:00,Max,NEM,Utility-scale Solar,6327.729
27/1/2025 13:00,Max,NEM,Wind,4916.798
7/2/2025 3:30,Min,NEM,Battery,11.176
7/2/2025 3:30,Min,NEM,Biomass,25.804
7/2/2025 3:30,Min,NEM,Black coal,11139.91
7/2/2025 3:30,Min,NEM,Brown coal,4028.365
7/2/2025 3:30,Min,NEM,Distributed PV,0
7/2/2025 3:30,Min,NEM,Gas,1872.276
7/2/2025 3:30,Min,NEM,Hydro,1548.534
7/2/2025 3:30,Min,NEM,Liquid Fuel,1.267
7/2/2025 3:30,Min,NEM,Utility-scale Solar,0.534
7/2/2025 3:30,Min,NEM,Wind,1677.65
22/2/2025 13:30,Max,NEM,Battery,24.371
22/2/2025 13:30,Max,NEM,Biomass,29.555
22/2/2025 13:30,Max,NEM,Black coal,6542.556
22/2/2025 13:30,Max,NEM,Brown coal,1964.453
22/2/2025 13:30,Max,NEM,Distributed PV,12669.246
22/2/2025 13:30,Max,NEM,Gas,314.385
22/2/2025 13:30,Max,NEM,Hydro,308.579
22/2/2025 13:30,Max,NEM,Liquid Fuel,0.1
22/2/2025 13:30,Max,NEM,Utility-scale Solar,5593.318
22/2/2025 13:30,Max,NEM,Wind,4372.679
1/3/2025 13:00,Max,NEM,Battery,2.105
1/3/2025 13:00,Max,NEM,Biomass,30.317
1/3/2025 13:00,Max,NEM,Black coal,6732.802
1/3/2025 13:00,Max,NEM,Brown coal,2041.974
1/3/2025 13:00,Max,NEM,Distributed PV,13745.791
1/3/2025 13:00,Max,NEM,Gas,269.207
1/3/2025 13:00,Max,NEM,Hydro,280.422
1/3/2025 13:00,Max,NEM,Liquid Fuel,0
1/3/2025 13:00,Max,NEM,Utility-scale Solar,6310.295
1/3/2025 13:00,Max,NEM,Wind,1908.997
22/3/2025 3:00,Min,NEM,Battery,31.91
22/3/2025 3:00,Min,NEM,Biomass,19.316
22/3/2025 3:00,Min,NEM,Black coal,11863.59
22/3/2025 3:00,Min,NEM,Brown coal,3917.984
22/3/2025 3:00,Min,NEM,Distributed PV,0
22/3/2025 3:00,Min,NEM,Gas,910.404
22/3/2025 3:00,Min,NEM,Hydro,1387.422
22/3/2025 3:00,Min,NEM,Liquid Fuel,0
22/3/2025 3:00,Min,NEM,Utility-scale Solar,0.426
22/3/2025 3:00,Min,NEM,Wind,1101.087
5/4/2025 12:00,Max,NEM,Battery,1.364
5/4/2025 12:00,Max,NEM,Biomass,13.814
5/4/2025 12:00,Max,NEM,Black coal,5221.715
5/4/2025 12:00,Max,NEM,Brown coal,2101.161
5/4/2025 12:00,Max,NEM,Distributed PV,12209.593
5/4/2025 12:00,Max,NEM,Gas,261.944
5/4/2025 12:00,Max,NEM,Hydro,332.692
5/4/2025 12:00,Max,NEM,Liquid Fuel,0
5/4/2025 12:00,Max,NEM,Utility-scale Solar,3468.886
5/4/2025 12:00,Max,NEM,Wind,2774.289
29/4/2025 3:00,Min,NEM,Battery,1.382
29/4/2025 3:00,Min,NEM,Biomass,18.045
29/4/2025 3:00,Min,NEM,Black coal,11295.201
29/4/2025 3:00,Min,NEM,Brown coal,4680.521
29/4/2025 3:00,Min,NEM,Distributed PV,0
29/4/2025 3:00,Min,NEM,Gas,789.609
29/4/2025 3:00,Min,NEM,Hydro,972.772
29/4/2025 3:00,Min,NEM,Liquid Fuel,0
29/4/2025 3:00,Min,NEM,Utility-scale Solar,0.958
29/4/2025 3:00,Min,NEM,Wind,1279.964
16/5/2025 3:30,Min,NEM,Battery,1.152
16/5/2025 3:30,Min,NEM,Biomass,13.818
16/5/2025 3:30,Min,NEM,Black coal,10995.769
16/5/2025 3:30,Min,NEM,Brown coal,4455.109
16/5/2025 3:30,Min,NEM,Distributed PV,0
16/5/2025 3:30,Min,NEM,Gas,1703.721
16/5/2025 3:30,Min,NEM,Hydro,1421.54
16/5/2025 3:30,Min,NEM,Liquid Fuel,0
16/5/2025 3:30,Min,NEM,Utility-scale Solar,0.451
16/5/2025 3:30,Min,NEM,Wind,1232.864
24/5/2025 12:00,Max,NEM,Battery,8.52
24/5/2025 12:00,Max,NEM,Biomass,16.204
24/5/2025 12:00,Max,NEM,Black coal,5786.734
24/5/2025 12:00,Max,NEM,Brown coal,1972.615
24/5/2025 12:00,Max,NEM,Distributed PV,9621.675
24/5/2025 12:00,Max,NEM,Gas,159.453
24/5/2025 12:00,Max,NEM,Hydro,460.675
24/5/2025 12:00,Max,NEM,Liquid Fuel,0
24/5/2025 12:00,Max,NEM,Utility-scale Solar,3849.695
24/5/2025 12:00,Max,NEM,Wind,4783.029
22/6/2025 11:30,Max,NEM,Battery,15.9
22/6/2025 11:30,Max,NEM,Biomass,47.297
22/6/2025 11:30,Max,NEM,Black coal,6432.574
22/6/2025 11:30,Max,NEM,Brown coal,2435.927
22/6/2025 11:30,Max,NEM,Distributed PV,8849.968
22/6/2025 11:30,Max,NEM,Gas,157.86
22/6/2025 11:30,Max,NEM,Hydro,761.359
22/6/2025 11:30,Max,NEM,Liquid Fuel,0
22/6/2025 11:30,Max,NEM,Other,94.027
22/6/2025 11:30,Max,NEM,Utility-scale Solar,5365.469
22/6/2025 11:30,Max,NEM,Wind,4664.078
29/6/2025 5:00,Min,NEM,Battery,10.879
29/6/2025 5:00,Min,NEM,Biomass,77.543
29/6/2025 5:00,Min,NEM,Black coal,11516.177
29/6/2025 5:00,Min,NEM,Brown coal,4468.458
29/6/2025 5:00,Min,NEM,Distributed PV,0
29/6/2025 5:00,Min,NEM,Gas,1760.804
29/6/2025 5:00,Min,NEM,Hydro,857.572
29/6/2025 5:00,Min,NEM,Liquid Fuel,0
29/6/2025 5:00,Min,NEM,Other,0
29/6/2025 5:00,Min,NEM,Utility-scale Solar,0.501
29/6/2025 5:00,Min,NEM,Wind,1857.128
19/7/2025 12:00,Max,NEM,Battery,12.634
19/7/2025 12:00,Max,NEM,Biomass,69.067
19/7/2025 12:00,Max,NEM,Black coal,6435.672
19/7/2025 12:00,Max,NEM,Brown coal,2366.245
19/7/2025 12:00,Max,NEM,Distributed PV,9999.133
19/7/2025 12:00,Max,NEM,Gas,278.342
19/7/2025 12:00,Max,NEM,Hydro,580.725
19/7/2025 12:00,Max,NEM,Liquid Fuel,0
19/7/2025 12:00,Max,NEM,Utility-scale Solar,5117.812
19/7/2025 12:00,Max,NEM,Wind,5368.648
29/7/2025 23:00,Min,NEM,Battery,32.684
29/7/2025 23:00,Min,NEM,Biomass,86.06
29/7/2025 23:00,Min,NEM,Black coal,12948.403
29/7/2025 23:00,Min,NEM,Brown coal,4826.958
29/7/2025 23:00,Min,NEM,Distributed PV,0
29/7/2025 23:00,Min,NEM,Gas,3601.084
29/7/2025 23:00,Min,NEM,Hydro,2497.953
29/7/2025 23:00,Min,NEM,Liquid Fuel,50.692
29/7/2025 23:00,Min,NEM,Utility-scale Solar,0.231
29/7/2025 23:00,Min,NEM,Wind,1422.093
1/8/2025 4:00,Min,NEM,Battery,12.161
1/8/2025 4:00,Min,NEM,Biomass,35.1
1/8/2025 4:00,Min,NEM,Black coal,11830.384
1/8/2025 4:00,Min,NEM,Brown coal,4811.099
1/8/2025 4:00,Min,NEM,Distributed PV,0
1/8/2025 4:00,Min,NEM,Gas,1569.308
1/8/2025 4:00,Min,NEM,Hydro,1861.812
1/8/2025 4:00,Min,NEM,Liquid Fuel,0
1/8/2025 4:00,Min,NEM,Utility-scale Solar,0.462
1/8/2025 4:00,Min,NEM,Wind,1980.663
3/8/2025 11:30,Max,NEM,Battery,2.324
3/8/2025 11:30,Max,NEM,Biomass,46.024
3/8/2025 11:30,Max,NEM,Black coal,6399.196
3/8/2025 11:30,Max,NEM,Brown coal,2492.771
3/8/2025 11:30,Max,NEM,Distributed PV,10074.506
3/8/2025 11:30,Max,NEM,Gas,258.971
3/8/2025 11:30,Max,NEM,Hydro,586.385
3/8/2025 11:30,Max,NEM,Liquid Fuel,0
3/8/2025 11:30,Max,NEM,Utility-scale Solar,5725.921
3/8/2025 11:30,Max,NEM,Wind,3892.326